Player,Location,Opposition,OppositionTeam,NotOut,FinalScore,StartDate,PlayerID,RestDays,Innings,DateYYYYMMDD,OpponentRank,RankDateUsed,y_log_runs,OppStrength,Home,Away,OppStrengthZ,RestDaysZ,InningsZ,PlayerIndex,P_OOF,P_NF,P_HF
BKG Mendis,Away,v Bangladesh, Bangladesh,0,15,2021-05-25,5,1,1,20210525,7,20210525,2.772588722239781,-7.0,0,1,-0.034355772528196146,-0.3907950422997909,-1.2341866570004438,1,0.1146032596995775,0.78966859003925,0.09572815032528163
BKG Mendis,Away,v Bangladesh, Bangladesh,0,22,2021-05-28,5,2,2,20210528,7,20210528,3.1354942159291497,-7.0,0,1,-0.034355772528196146,-0.37900666717981946,-1.1785419698307178,1,0.0965501512231525,0.6661732592542501,0.23727658947062008
BKG Mendis,Home,v Zimbabwe, Zimbabwe,0,26,2022-01-16,5,232,3,20220116,14,20220116,3.295836866004329,-14.0,1,0,-1.7970089960042364,2.3323196104136072,-1.1228972826609915,1,0.16949689027185502,0.63856785642175,0.191935253236572
BKG Mendis,Home,v Zimbabwe, Zimbabwe,0,7,2022-01-18,5,1,4,20220118,14,20220118,2.0794415416798357,-14.0,1,0,-1.7970089960042364,-0.3907950422997909,-1.0672525954912653,1,0.761682568625,0.2200089221956,0.01830850902866157
BKG Mendis,Home,v Zimbabwe, Zimbabwe,0,36,2022-01-21,5,2,5,20220121,14,20220121,3.6109179126442243,-14.0,1,0,-1.7970089960042364,-0.37900666717981946,-1.011607908321539,1,0.224585371671445,0.484135806126,0.2912788221566152
BKG Mendis,Home,v Australia, Australia,1,86,2022-06-14,5,143,6,20220614,3,20220614,4.465908118654584,-3.0,1,0,0.972874640886684,1.2831542247361507,-0.955963221151813,1,0.07543628975375732,0.35677063276292065,0.567793077507
BKG Mendis,Home,v Australia, Australia,0,36,2022-06-16,5,1,7,20220616,4,20220616,3.6109179126442243,-4.0,1,0,0.721067037532964,-0.3907950422997909,-0.9003185339820867,1,0.10934852232875598,0.428473235879475,0.4621782417867927
BKG Mendis,Home,v Australia, Australia,1,87,2022-06-19,5,2,8,20220619,5,20220619,4.477336814478207,-5.0,1,0,0.46925943417924393,-0.37900666717981946,-0.8446738468123606,1,0.0635387729762094,0.32540837687738977,0.611052850196125
BKG Mendis,Home,v Australia, Australia,0,14,2022-06-21,5,1,9,20220621,5,20220621,2.70805020110221,-5.0,1,0,0.46925943417924393,-0.3907950422997909,-0.7890291596426343,1,0.41060975091755,0.4362616504467,0.15312859870584722
BKG Mendis,Home,v Australia, Australia,0,26,2022-06-24,5,2,10,20220624,5,20220624,3.295836866004329,-5.0,1,0,0.46925943417924393,-0.37900666717981946,-0.7333844724729082,1,0.17843700759898,0.5402969667459999,0.2812660256568475
BKG Mendis,Home,v Afghanistan, Afghanistan,0,1,2022-11-25,5,153,11,20221125,9,20221125,0.6931471805599453,-9.0,1,0,-0.5379709792356362,1.4010379759358649,-0.677739785303182,1,0.96601004382,0.031957620695552504,0.0020323354557135456
BKG Mendis,Home,v Afghanistan, Afghanistan,1,2,2022-11-27,5,1,12,20221127,9,20221127,1.0986122886681096,-9.0,1,0,-0.5379709792356362,-0.3907950422997909,-0.6220950981334558,1,0.44849744219500004,0.242368058194625,0.30913449960432754
BKG Mendis,Home,v Afghanistan, Afghanistan,0,67,2022-11-30,5,2,13,20221130,9,20221130,4.219507705176107,-9.0,1,0,-0.5379709792356362,-0.37900666717981946,-0.5664504109637296,1,0.08564787977255801,0.3223616259607575,0.5919904942580054
BKG Mendis,Away,v India, India,0,0,2023-01-10,5,40,14,20230110,5,20230110,0.0,-5.0,0,1,0.46925943417924393,0.06895158737909447,-0.5108057237940034,1,0.9855966427,0.013420194922608125,0.000983162357061576
BKG Mendis,Away,v India, India,0,34,2023-01-12,5,1,15,20230112,4,20230112,3.5553480614894135,-4.0,0,1,0.721067037532964,-0.3907950422997909,-0.4551610366242772,1,0.1331149597405635,0.3094276590488125,0.5574573812322755
BKG Mendis,Away,v India, India,0,4,2023-01-15,5,2,16,20230115,4,20230115,1.6094379124341003,-4.0,0,1,0.721067037532964,-0.37900666717981946,-0.399516349454551,1,0.8290323771125,0.14537176861591,0.025595854235996026
BKG Mendis,Away,v New Zealand, New Zealand,0,0,2023-03-25,5,68,17,20230325,3,20230325,0.0,-3.0,0,1,0.972874640886684,0.3990260907382942,-0.3438716622848248,1,0.9888186620825,0.010492785224113187,0.000688552700605789
BKG Mendis,Away,v New Zealand, New Zealand,0,0,2023-03-31,5,5,18,20230331,2,20230331,0.0,-2.0,0,1,1.224682244240404,-0.3436415418199052,-0.2882269751150986,1,0.9931557166049999,0.006307609565137121,0.0005366738706101955
BKG Mendis,Home,v Afghanistan, Afghanistan,0,11,2023-06-02,5,62,19,20230602,8,20230602,2.4849066497880004,-8.0,1,0,-0.2861633758819162,0.32829584001846573,-0.23258228794537242,1,0.744183059788,0.194281893308575,0.06153504690678329
BKG Mendis,Home,v Afghanistan, Afghanistan,0,78,2023-06-04,5,1,20,20230604,8,20230604,4.3694478524670215,-8.0,1,0,-0.2861633758819162,-0.3907950422997909,-0.17693760077564624,1,0.08598561930020375,0.3051100558185,0.608904324980385
BKG Mendis,Home,v Afghanistan, Afghanistan,1,11,2023-06-07,5,2,21,20230607,9,20230607,2.4849066497880004,-9.0,1,0,-0.5379709792356362,-0.37900666717981946,-0.12129291360592004,1,0.196944463160275,0.36307944427275,0.4399760923831
BKG Mendis,Neutral,v U.A.E., United Arab Emirates,0,78,2023-06-19,5,11,22,20230619,19,20230619,4.3694478524670215,-19.0,0,0,-3.056047012772837,-0.2729112911000767,-0.06564822643619385,1,0.08345752274075474,0.37771923432644494,0.5388232429583981
BKG Mendis,Neutral,v Ireland, Ireland,0,0,2023-06-25,5,5,23,20230625,13,20230625,0.0,-13.0,0,0,-1.5452013926505164,-0.3436415418199052,-0.010003539266467654,1,0.9896512132675,0.009682061321653808,0.0006667254456118026
BKG Mendis,Neutral,v Scotland, Scotland,0,1,2023-06-27,5,1,24,20230627,12,20230627,0.6931471805599453,-12.0,0,0,-1.2933937892967964,-0.3907950422997909,0.04564114790325854,1,0.992371812195,0.007042300028969938,0.0005858877245688147
BKG Mendis,Neutral,v Netherlands, Netherlands,0,10,2023-06-30,5,2,25,20230630,15,20230630,2.3978952727983707,-15.0,0,0,-2.0488165993579566,-0.37900666717981946,0.10128583507298473,1,0.8613668850699999,0.1124443809286225,0.02618873400624291
BKG Mendis,Away,v Zimbabwe, Zimbabwe,1,25,2023-07-02,5,1,26,20230702,11,20230702,3.258096538021482,-11.0,0,1,-1.0415861859430764,-0.3907950422997909,0.15693052224271092,1,0.13336416779397747,0.322863399009325,0.54377243311825
BKG Mendis,Neutral,v West Indies, West Indies,1,34,2023-07-07,5,4,27,20230707,10,20230707,3.5553480614894135,-10.0,0,0,-0.7897785825893563,-0.35542991693987663,0.21257520941243713,1,0.09072583038438825,0.338340333593225,0.5709338361499502
BKG Mendis,Neutral,v Netherlands, Netherlands,0,43,2023-07-09,5,1,28,20230709,14,20230709,3.784189633918261,-14.0,0,0,-1.7970089960042364,-0.3907950422997909,0.26821989658216333,1,0.14439758293048752,0.446121753771125,0.40948066319444354
BKG Mendis,Home,v Bangladesh, Bangladesh,0,5,2023-08-31,5,52,29,20230831,7,20230831,1.791759469228055,-7.0,1,0,-0.034355772528196146,0.2104120888187515,0.3238645837518895,1,0.85811607241,0.12747358180686874,0.014410345792633894
BKG Mendis,Neutral,v Afghanistan, Afghanistan,0,92,2023-09-05,5,4,30,20230905,9,20230905,4.532599493153256,-9.0,0,0,-0.5379709792356362,-0.35542991693987663,0.3795092709216157,1,0.07940343079170924,0.28748314063241004,0.6331134285790999
BKG Mendis,Home,v Bangladesh, Bangladesh,0,50,2023-09-09,5,3,31,20230909,7,20230909,3.9318256327243257,-7.0,1,0,-0.034355772528196146,-0.3672182920598481,0.4351539580913419,1,0.09992266941332101,0.359881128467,0.5401962020465924
BKG Mendis,Home,v India, India,0,15,2023-09-12,5,2,32,20230912,3,20230912,2.772588722239781,-3.0,1,0,0.972874640886684,-0.37900666717981946,0.4907986452610681,1,0.392743130067425,0.44951898502925003,0.1577378849275148
BKG Mendis,Home,v Pakistan, Pakistan,0,91,2023-09-14,5,1,33,20230914,3,20230914,4.5217885770490405,-3.0,1,0,0.972874640886684,-0.3907950422997909,0.5464433324307942,1,0.058626780444256246,0.3476981614455845,0.59367505813435
BKG Mendis,Home,v India, India,0,17,2023-09-17,5,2,34,20230917,2,20230917,2.8903717578961645,-2.0,1,0,1.224682244240404,-0.37900666717981946,0.6020880196005205,1,0.3215693173344675,0.48029397130225,0.19813671141137024
BKG Mendis,Neutral,v South Africa, South Africa,0,76,2023-10-07,5,19,35,20231007,4,20231007,4.343805421853684,-4.0,0,0,0.721067037532964,-0.17860429014030535,0.6577327067702466,1,0.05665829476729482,0.36433406180169675,0.57900764338465
BKG Mendis,Neutral,v Pakistan, Pakistan,0,122,2023-10-10,5,2,36,20231010,2,20231010,4.812184355372417,-2.0,0,0,1.224682244240404,-0.37900666717981946,0.7133773939399729,1,0.05938580089844865,0.29928735513487265,0.641326843877825
BKG Mendis,Neutral,v Australia, Australia,0,9,2023-10-16,5,5,37,20231016,4,20231016,2.302585092994046,-4.0,0,0,0.721067037532964,-0.3436415418199052,0.769022081109699,1,0.6146007585635,0.30698963794842493,0.07840960364230228
BKG Mendis,Neutral,v Netherlands, Netherlands,0,11,2023-10-21,5,4,38,20231021,14,20231021,2.4849066497880004,-14.0,0,0,-1.7970089960042364,-0.35542991693987663,0.8246667682794252,1,0.7220479360607501,0.23982211654479998,0.03812994738229064
BKG Mendis,Neutral,v England, England,0,11,2023-10-26,5,4,39,20231026,6,20231026,2.4849066497880004,-6.0,0,0,0.21745183082552388,-0.35542991693987663,0.8803114554491515,1,0.6101292121997499,0.32181902211425,0.06805176561495428
BKG Mendis,Neutral,v Afghanistan, Afghanistan,0,39,2023-10-30,5,3,40,20231030,9,20231030,3.6888794541139363,-9.0,0,0,-0.5379709792356362,-0.3672182920598481,0.9359561426188776,1,0.1578501585562825,0.47284744037049997,0.36930240094054917
BKG Mendis,Away,v India, India,0,1,2023-11-02,5,2,41,20231102,1,20231102,0.6931471805599453,-1.0,0,1,1.4764898475941242,-0.37900666717981946,0.9916008297886039,1,0.9502019867425,0.046682189051448476,0.003115824168297672
BKG Mendis,Neutral,v Bangladesh, Bangladesh,0,19,2023-11-06,5,3,42,20231106,8,20231106,2.995732273553991,-8.0,0,0,-0.2861633758819162,-0.3672182920598481,1.04724551695833,1,0.47229211735915,0.35389338845075,0.1738144941887378
BKG Mendis,Neutral,v New Zealand, New Zealand,0,6,2023-11-09,5,2,43,20231109,5,20231109,1.9459101490553132,-5.0,0,0,0.46925943417924393,-0.37900666717981946,1.1028902041280562,1,0.8143137575202499,0.164975909370435,0.02071033305796701
BKG Mendis,Home,v Zimbabwe, Zimbabwe,0,46,2024-01-06,5,57,44,20240106,11,20240106,3.8501476017100584,-11.0,1,0,-1.0415861859430764,0.2693539644186086,1.1585348912977824,1,0.178293692116675,0.41257007859327494,0.4091362292131208
BKG Mendis,Home,v Zimbabwe, Zimbabwe,0,17,2024-01-08,5,1,45,20240108,11,20240108,2.8903717578961645,-11.0,1,0,-1.0415861859430764,-0.3907950422997909,1.2141795784675087,1,0.508139772673675,0.40006331692674996,0.0917969104702669
BKG Mendis,Home,v Zimbabwe, Zimbabwe,1,66,2024-01-11,5,2,46,20240111,11,20240110,4.204692619390966,-11.0,1,0,-1.0415861859430764,-0.37900666717981946,1.2698242656372347,1,0.07692103219625901,0.37298670095542,0.550092266829475
BKG Mendis,Home,v Afghanistan, Afghanistan,0,16,2024-02-09,5,28,47,20240209,9,20240110,2.833213344056216,-9.0,1,0,-0.5379709792356362,-0.07250891406056256,1.325468952806961,1,0.492126019281125,0.4057809336585,0.10209304700134794
BKG Mendis,Home,v Afghanistan, Afghanistan,0,61,2024-02-11,5,1,48,20240211,9,20240110,4.127134385045092,-9.0,1,0,-0.5379709792356362,-0.3907950422997909,1.3811136399766872,1,0.09389499925286225,0.441296650165325,0.4648083506182592
BKG Mendis,Home,v Afghanistan, Afghanistan,0,40,2024-02-14,5,2,49,20240214,9,20240110,3.713572066704308,-9.0,1,0,-0.5379709792356362,-0.37900666717981946,1.4367583271464133,1,0.14340285438997,0.5085256065395,0.34807153896300475
BKG Mendis,Away,v Bangladesh, Bangladesh,0,59,2024-03-13,5,27,50,20240313,8,20240110,4.0943445622221,-8.0,0,1,-0.2861633758819162,-0.08429728918053399,1.4924030143161395,1,0.058759054426766495,0.39886716316261006,0.542373782454902
BKG Mendis,Away,v Bangladesh, Bangladesh,0,16,2024-03-15,5,1,51,20240315,8,20240110,2.833213344056216,-8.0,0,1,-0.2861633758819162,-0.3907950422997909,1.5480477014858658,1,0.325258762022125,0.49829325810975,0.17644797977097615
BKG Mendis,Away,v Bangladesh, Bangladesh,0,29,2024-03-18,5,2,52,20240318,8,20240110,3.4011973816621555,-8.0,0,1,-0.2861633758819162,-0.37900666717981946,1.6036923886555918,1,0.13660191439122002,0.5507076854009999,0.3126904002312749
BKG Mendis,Home,v India, India,0,14,2024-08-02,5,136,53,20240802,1,20240802,2.70805020110221,-1.0,1,0,1.4764898475941242,1.2006355988963509,1.659337075825318,1,0.32253630533287253,0.5448398692685,0.1326238253089784
BKG Mendis,Home,v India, India,0,30,2024-08-04,5,1,54,20240804,1,20240804,3.4339872044851463,-1.0,1,0,1.4764898475941242,-0.3907950422997909,1.7149817629950443,1,0.13270409232525976,0.57238359484375,0.29491231292437364
BKG Mendis,Home,v India, India,0,59,2024-08-07,5,2,55,20240807,1,20240807,4.0943445622221,-1.0,1,0,1.4764898475941242,-0.37900666717981946,1.7706264501647706,1,0.05915396134152383,0.436116900528145,0.5047291381382035
BKG Mendis,Home,v West Indies, West Indies,0,13,2024-10-20,5,73,56,20241020,10,20241020,2.639057329615259,-10.0,1,0,-0.7897785825893563,0.45796796633815134,1.8262711373344964,1,0.58634106392975,0.349923685963475,0.06373525008273577
BKG Mendis,Home,v West Indies, West Indies,0,3,2024-10-23,5,2,57,20241023,10,20241023,1.3862943611198906,-10.0,1,0,-0.7897785825893563,-0.37900666717981946,1.8819158245042227,1,0.9551836741575,0.042304942363210814,0.0025113835288072604
BKG Mendis,Home,v West Indies, West Indies,1,56,2024-10-26,5,2,58,20241026,10,20241026,4.04305126783455,-10.0,1,0,-0.7897785825893563,-0.37900666717981946,1.937560511673949,1,0.10781406410213325,0.2851054410373325,0.60708049493675
BKG Mendis,Home,v New Zealand, New Zealand,0,143,2024-11-13,5,17,59,20241113,5,20241113,4.969813299576001,-5.0,1,0,0.46925943417924393,-0.20218104038024817,1.993205198843675,1,0.06464561781508706,0.26307051461020103,0.6722838675273
BKG Mendis,Home,v New Zealand, New Zealand,1,74,2024-11-17,5,3,60,20241117,5,20241117,4.31748811353631,-5.0,1,0,0.46925943417924393,-0.3672182920598481,2.0488498860134015,1,0.06270751857676472,0.2602519555752085,0.67704052581075
BKG Mendis,Away,v New Zealand, New Zealand,0,2,2025-01-05,5,48,61,20250105,5,20250105,1.0986122886681096,-5.0,0,1,0.46925943417924393,0.16325858833886583,2.1044945731831275,1,0.9439802617574998,0.049512606049682446,0.006507132151411291
BKG Mendis,Away,v New Zealand, New Zealand,0,2,2025-01-08,5,2,62,20250108,5,20250108,1.0986122886681096,-5.0,0,1,0.46925943417924393,-0.37900666717981946,2.1601392603528535,1,0.971028659545,0.026179280382124276,0.002792060124327875
BKG Mendis,Away,v New Zealand, New Zealand,0,54,2025-01-11,5,2,63,20250111,5,20250111,4.007333185232471,-5.0,0,1,0.46925943417924393,-0.37900666717981946,2.21578394752258,1,0.10310723885181049,0.28185501394047496,0.6150377471766233
BKG Mendis,Home,v Australia, Australia,0,19,2025-02-12,5,31,64,20250212,2,20250212,2.995732273553991,-2.0,1,0,1.224682244240404,-0.03714378870064831,2.271428634692306,1,0.35944006576458,0.42766242298675,0.21289751112064534
BKG Mendis,Home,v Australia, Australia,0,101,2025-02-14,5,1,65,20250214,2,20250214,4.624972813284271,-2.0,1,0,1.224682244240404,-0.3907950422997909,2.327073321862032,1,0.06109192294079098,0.330952434336108,0.6079556427333
BKG Mendis,Home,v Bangladesh, Bangladesh,0,45,2025-07-02,5,137,66,20250702,10,20250702,3.828641396489095,-10.0,1,0,-0.7897785825893563,1.2124239740163223,2.3827180090317586,1,0.140360010635416,0.43430999196965003,0.4253299974912165
BKG Mendis,Home,v Bangladesh, Bangladesh,0,56,2025-07-05,5,2,67,20250705,9,20250705,4.04305126783455,-9.0,1,0,-0.5379709792356362,-0.37900666717981946,2.4383626962014846,1,0.09848632763990599,0.44596121196055,0.45555246037595293
BKG Mendis,Home,v Bangladesh, Bangladesh,0,124,2025-07-08,5,2,68,20250708,9,20250708,4.8283137373023015,-9.0,1,0,-0.5379709792356362,-0.37900666717981946,2.4940073833712106,1,0.05204808382921727,0.33076962442982,0.61718229191
BKG Mendis,Away,v Zimbabwe, Zimbabwe,0,38,2025-08-29,5,51,69,20250829,11,20250829,3.6635616461296463,-11.0,0,1,-1.0415861859430764,0.1986237136987801,2.549652070540937,1,0.127534865418725,0.4336723689545,0.43879276560018343
BKG Mendis,Away,v Zimbabwe, Zimbabwe,0,5,2025-08-31,5,1,70,20250831,11,20250831,1.791759469228055,-11.0,0,1,-1.0415861859430764,-0.3907950422997909,2.605296757710663,1,0.867764277445,0.1184203083536875,0.013815414134055754
BKG Mendis,Away,v Pakistan, Pakistan,0,0,2025-11-11,5,71,71,20251111,4,20251111,0.0,-4.0,0,1,0.721067037532964,0.43439121609820847,2.660941444880389,1,0.990975263045,0.008537731276492263,0.0004870056745196544
BKG Mendis,Away,v Pakistan, Pakistan,0,20,2025-11-14,5,2,72,20251114,4,20251114,3.044522437723423,-4.0,0,1,0.721067037532964,-0.37900666717981946,2.7165861320501157,1,0.34899136089427496,0.36119713067255,0.28981150842912473
BKG Mendis,Away,v Pakistan, Pakistan,0,34,2025-11-16,5,1,73,20251116,4,20251116,3.5553480614894135,-4.0,0,1,0.721067037532964,-0.3907950422997909,2.7722308192198417,1,0.12961624962308924,0.42976322887650004,0.4406205214634151
C Karunaratne,Away,v England, England,0,21,2021-07-01,7,1,1,20210701,3,20210701,3.091042453358316,-3.0,0,1,0.972874640886684,-0.3907950422997909,-1.2341866570004438,2,0.05203870232904125,0.7555186981215,0.19244259944421782
C Karunaratne,Away,v England, England,0,11,2021-07-04,7,2,2,20210704,3,20210704,2.4849066497880004,-3.0,0,1,0.972874640886684,-0.37900666717981946,-1.1785419698307178,2,0.16773024823519,0.6661501362315,0.1661196156489232
C Karunaratne,Home,v India, India,1,43,2021-07-18,7,13,3,20210718,4,20210718,3.784189633918261,-4.0,1,0,0.721067037532964,-0.24933454086013387,-1.1228972826609915,2,0.05102655074524345,0.443313067868626,0.50566038147925
C Karunaratne,Home,v India, India,1,44,2021-07-20,7,1,4,20210720,4,20210720,3.8066624897703196,-4.0,1,0,0.721067037532964,-0.3907950422997909,-1.0672525954912653,2,0.05574157971728287,0.3543295718072535,0.589928848375
C Karunaratne,Home,v India, India,0,3,2021-07-23,7,2,5,20210723,4,20210723,1.3862943611198906,-4.0,1,0,0.721067037532964,-0.37900666717981946,-1.011607908321539,2,0.8706154974075,0.11344423410770174,0.01594026841636325
C Karunaratne,Home,v South Africa, South Africa,1,7,2021-09-02,7,40,6,20210902,5,20210902,2.0794415416798357,-5.0,1,0,0.46925943417924393,0.06895158737909447,-0.955963221151813,2,0.25280732173067505,0.34387686659922495,0.403315811669525
C Karunaratne,Home,v South Africa, South Africa,0,36,2021-09-04,7,1,7,20210904,5,20210904,3.6109179126442243,-5.0,1,0,0.46925943417924393,-0.3907950422997909,-0.9003185339820867,2,0.10849563218532049,0.4090143670333725,0.4824900008790437
C Karunaratne,Home,v South Africa, South Africa,0,16,2021-09-07,7,2,8,20210907,5,20210907,2.833213344056216,-5.0,1,0,0.46925943417924393,-0.37900666717981946,-0.8446738468123606,2,0.28361008736052495,0.50531182012425,0.21107809265560723
C Karunaratne,Home,v Zimbabwe, Zimbabwe,1,5,2022-01-16,7,130,9,20220116,14,20220116,1.791759469228055,-14.0,1,0,-1.7970089960042364,1.1299053481765222,-0.7890291596426343,2,0.2399356617925,0.44350568358275,0.316558654705225
C Karunaratne,Home,v Zimbabwe, Zimbabwe,0,34,2022-01-18,7,1,10,20220118,14,20220118,3.5553480614894135,-14.0,1,0,-1.7970089960042364,-0.3907950422997909,-0.7333844724729082,2,0.1599731641417375,0.53236914478725,0.30765769100953866
C Karunaratne,Home,v Zimbabwe, Zimbabwe,0,30,2022-01-21,7,2,11,20220121,14,20220121,3.4339872044851463,-14.0,1,0,-1.7970089960042364,-0.37900666717981946,-0.677739785303182,2,0.171771039726015,0.5694237144317499,0.2588052458944873
C Karunaratne,Home,v Australia, Australia,0,7,2022-06-14,7,143,12,20220614,3,20220614,2.0794415416798357,-3.0,1,0,0.972874640886684,1.2831542247361507,-0.6220950981334558,2,0.51450185920175,0.419261510955875,0.06623662990088633
C Karunaratne,Home,v Australia, Australia,0,18,2022-06-16,7,1,13,20220616,4,20220616,2.9444389791664403,-4.0,1,0,0.721067037532964,-0.3907950422997909,-0.5664504109637296,2,0.237593374194045,0.55547997031475,0.20692665552646605
C Karunaratne,Home,v Australia, Australia,1,0,2022-06-19,7,2,14,20220619,5,20220619,0.0,-5.0,1,0,0.46925943417924393,-0.37900666717981946,-0.5108057237940034,2,0.33267274951574993,0.41146425418399996,0.255862996286875
C Karunaratne,Home,v Australia, Australia,0,7,2022-06-21,7,1,15,20220621,5,20220621,2.0794415416798357,-5.0,1,0,0.46925943417924393,-0.3907950422997909,-0.4551610366242772,2,0.65628224752575,0.29861211565367496,0.045105636829320936
C Karunaratne,Home,v Australia, Australia,0,75,2022-06-24,7,2,16,20220624,5,20220624,4.330733340286331,-5.0,1,0,0.46925943417924393,-0.37900666717981946,-0.399516349454551,2,0.0711961667602778,0.34104103842626726,0.58776279480272
C Karunaratne,Away,v India, India,0,14,2023-01-10,7,199,17,20230110,5,20230110,2.70805020110221,-5.0,0,1,0.46925943417924393,1.9433032314545502,-0.3438716622848248,2,0.221988429805355,0.48447764800275,0.29353392222412433
C Karunaratne,Away,v India, India,0,17,2023-01-12,7,1,18,20230112,4,20230112,2.8903717578961645,-4.0,0,1,0.721067037532964,-0.3907950422997909,-0.2882269751150986,2,0.16207597354117,0.5438778877385,0.2940461387395591
C Karunaratne,Away,v India, India,0,1,2023-01-15,7,2,19,20230115,4,20230115,0.6931471805599453,-4.0,0,1,0.721067037532964,-0.37900666717981946,-0.23258228794537242,2,0.93337917106,0.06243819964407275,0.004182629224047598
C Karunaratne,Away,v New Zealand, New Zealand,0,11,2023-03-25,7,68,20,20230325,3,20230325,2.4849066497880004,-3.0,0,1,0.972874640886684,0.3990260907382942,-0.17693760077564624,2,0.400984370392975,0.38129192798949996,0.2177237016193709
C Karunaratne,Away,v New Zealand, New Zealand,0,24,2023-03-31,7,5,21,20230331,2,20230331,3.2188758248682006,-2.0,0,1,1.224682244240404,-0.3436415418199052,-0.12129291360592004,2,0.12071119287272424,0.4405350679409125,0.4387537391114967
C Karunaratne,Neutral,v Australia, Australia,0,2,2023-10-16,7,198,22,20231016,4,20231016,1.0986122886681096,-4.0,0,0,0.721067037532964,1.9315148563345788,-0.06564822643619385,2,0.9089724514875,0.08331446951345424,0.007713079017289653
C Karunaratne,Neutral,v New Zealand, New Zealand,0,6,2023-11-09,7,23,23,20231109,5,20231109,1.9459101490553132,-5.0,0,0,0.46925943417924393,-0.13145078966041968,-0.010003539266467654,2,0.80117049961525,0.16368762514502502,0.035141875343985406
CAK Rajitha,Home,v Afghanistan, Afghanistan,0,8,2022-11-25,9,492,1,20221125,9,20221125,2.1972245773362196,-9.0,1,0,-0.5379709792356362,5.397297141606177,-1.2341866570004438,3,0.21533186128086748,0.7197367327245,0.06493140601416016
CAK Rajitha,Away,v India, India,1,9,2023-01-10,9,45,2,20230110,5,20230110,2.302585092994046,-5.0,0,1,0.46925943417924393,0.12789346297895157,-1.1785419698307178,3,0.0808445422493725,0.5587449312062499,0.36041052644102495
CAK Rajitha,Away,v India, India,1,17,2023-01-12,9,1,3,20230112,4,20230112,2.8903717578961645,-4.0,0,1,0.721067037532964,-0.3907950422997909,-1.1228972826609915,3,0.062611447911999,0.43799594362535005,0.49939260863874996
CAK Rajitha,Away,v India, India,1,13,2023-01-15,9,2,4,20230115,4,20230115,2.639057329615259,-4.0,0,1,0.721067037532964,-0.37900666717981946,-1.0672525954912653,3,0.077588730797121,0.4058346588438,0.51657661033725
CAK Rajitha,Away,v New Zealand, New Zealand,0,5,2023-03-25,9,68,5,20230325,3,20230325,1.791759469228055,-3.0,0,1,0.972874640886684,0.3990260907382942,-1.011607908321539,3,0.47552437922437496,0.4134469410145,0.11102867975704098
CAK Rajitha,Away,v New Zealand, New Zealand,0,9,2023-03-31,9,5,6,20230331,2,20230331,2.302585092994046,-2.0,0,1,1.224682244240404,-0.3436415418199052,-0.955963221151813,3,0.2659561459530975,0.5332892838257501,0.20075457019661616
CAK Rajitha,Home,v Afghanistan, Afghanistan,0,0,2023-06-02,9,62,7,20230602,8,20230602,0.0,-8.0,1,0,-0.2861633758819162,0.32829584001846573,-0.9003185339820867,3,0.978172326455,0.020751200799113675,0.0010764727299456846
CAK Rajitha,Neutral,v Ireland, Ireland,0,0,2023-06-25,9,22,8,20230625,13,20230625,0.0,-13.0,0,0,-1.5452013926505164,-0.1432391647803911,-0.8446738468123606,3,0.9939922965650001,0.005605648765206949,0.00040205471626795873
CAK Rajitha,Neutral,v Scotland, Scotland,0,1,2023-06-27,9,1,9,20230627,12,20230627,0.6931471805599453,-12.0,0,0,-1.2933937892967964,-0.3907950422997909,-0.7890291596426343,3,0.9874013684599999,0.01137503085482072,0.0012236006981971275
CAK Rajitha,Home,v Bangladesh, Bangladesh,1,1,2023-09-09,9,73,10,20230909,7,20230909,0.6931471805599453,-7.0,1,0,-0.034355772528196146,0.45796796633815134,-0.7333844724729082,3,0.45423353999000005,0.231233702852175,0.31453275707607
CAK Rajitha,Home,v India, India,0,1,2023-09-12,9,2,11,20230912,3,20230912,0.6931471805599453,-3.0,1,0,0.972874640886684,-0.37900666717981946,-0.677739785303182,3,0.968644182665,0.028524384818353374,0.002831432428562067
CAK Rajitha,Neutral,v South Africa, South Africa,0,33,2023-10-07,9,24,12,20231007,4,20231007,3.5263605246161616,-4.0,0,0,0.721067037532964,-0.11966241454044825,-0.6220950981334558,3,0.12166010079209524,0.2994668003149025,0.5788730988701293
CAK Rajitha,Neutral,v Afghanistan, Afghanistan,0,5,2023-10-30,9,22,13,20231030,9,20231030,1.791759469228055,-9.0,0,0,-0.5379709792356362,-0.1432391647803911,-0.5664504109637296,3,0.7839829115,0.179294335195625,0.03672275336388039
CAK Rajitha,Away,v India, India,0,14,2023-11-02,9,2,14,20231102,1,20231102,2.70805020110221,-1.0,0,1,1.4764898475941242,-0.37900666717981946,-0.5108057237940034,3,0.20578897634516,0.4217417837165,0.37246923997294595
CAK Rajitha,Neutral,v Bangladesh, Bangladesh,0,0,2023-11-06,9,3,15,20231106,8,20231106,0.0,-8.0,0,0,-0.2861633758819162,-0.3672182920598481,-0.4551610366242772,3,0.9845814600799999,0.014600330467136,0.0008182094715672463
CBRLS Kumara,Away,v India, India,0,0,2023-01-12,10,47,1,20230112,4,20230112,0.0,-4.0,0,1,0.721067037532964,0.15147021321889442,-1.2341866570004438,4,0.89020139156245,0.10647541703377107,0.0033231914371589133
CBRLS Kumara,Away,v India, India,0,9,2023-01-15,10,2,2,20230115,4,20230115,2.302585092994046,-4.0,0,1,0.721067037532964,-0.37900666717981946,-1.1785419698307178,4,0.4231311167086,0.38509132376602495,0.19177755968921564
CBRLS Kumara,Away,v New Zealand, New Zealand,0,10,2023-03-25,10,68,3,20230325,3,20230325,2.3978952727983707,-3.0,0,1,0.972874640886684,0.3990260907382942,-1.1228972826609915,4,0.28216853481250004,0.49576996778975,0.2220614973483304
CBRLS Kumara,Away,v New Zealand, New Zealand,1,0,2023-03-31,10,5,4,20230331,2,20230331,0.0,-2.0,0,1,1.224682244240404,-0.3436415418199052,-1.0672525954912653,4,0.33364825012675,0.3912257405985,0.27512600932867504
CBRLS Kumara,Home,v Afghanistan, Afghanistan,1,4,2023-06-02,10,62,5,20230602,8,20230602,1.6094379124341003,-8.0,1,0,-0.2861633758819162,0.32829584001846573,-1.011607908321539,4,0.2470571645365,0.411142115317,0.34180072012975
CBRLS Kumara,Neutral,v Ireland, Ireland,0,4,2023-06-25,10,22,6,20230625,13,20230625,1.6094379124341003,-13.0,0,0,-1.5452013926505164,-0.1432391647803911,-0.955963221151813,4,0.8522268094925001,0.13270037409008,0.01507281642046724
CBRLS Kumara,Neutral,v Scotland, Scotland,0,5,2023-06-27,10,1,7,20230627,12,20230627,1.791759469228055,-12.0,0,0,-1.2933937892967964,-0.3907950422997909,-0.9003185339820867,4,0.854090601725,0.1258855386462275,0.020023859660598036
CBRLS Kumara,Neutral,v Netherlands, Netherlands,0,2,2023-06-30,10,2,8,20230630,15,20230630,1.0986122886681096,-15.0,0,0,-2.0488165993579566,-0.37900666717981946,-0.8446738468123606,4,0.963800791445,0.0336688693333454,0.0025303391478871625
CBRLS Kumara,Neutral,v Australia, Australia,0,4,2023-10-16,10,107,9,20231016,4,20231016,1.6094379124341003,-4.0,0,0,0.721067037532964,0.8587727204171796,-0.7890291596426343,4,0.8401324751435,0.12799808243822,0.031869442407418555
CBRLS Kumara,Away,v Bangladesh, Bangladesh,1,5,2024-03-13,10,148,10,20240313,8,20240110,1.791759469228055,-8.0,0,1,-0.2861633758819162,1.342096100336008,-0.7333844724729082,4,0.254307308059725,0.335188317972775,0.410504373895125
CBRLS Kumara,Away,v Bangladesh, Bangladesh,0,1,2024-03-18,10,4,11,20240318,8,20240110,0.6931471805599453,-8.0,0,1,-0.2861633758819162,-0.35542991693987663,-0.677739785303182,4,0.9531747233700001,0.04311424978893922,0.0037110268325556764
CBRLS Kumara,Away,v New Zealand, New Zealand,1,1,2025-01-05,10,292,12,20250105,5,20250105,0.6931471805599453,-5.0,0,1,0.46925943417924393,3.0396221176118923,-0.6220950981334558,4,0.39902152437300004,0.264721462105075,0.336257013506475
DM de Silva,Away,v Bangladesh, Bangladesh,0,10,2021-05-25,13,1,1,20210525,7,20210525,2.3978952727983707,-7.0,0,1,-0.034355772528196146,-0.3907950422997909,-1.2341866570004438,5,0.1658090331683025,0.761474563158,0.0727164037174355
DM de Silva,Away,v Bangladesh, Bangladesh,1,55,2021-05-28,13,2,2,20210528,7,20210528,4.02535169073515,-7.0,0,1,-0.034355772528196146,-0.37900666717981946,-1.1785419698307178,5,0.04798239145027928,0.4484215454363323,0.50359606311895
DM de Silva,Away,v England, England,0,91,2021-07-01,13,33,3,20210701,3,20210701,4.5217885770490405,-3.0,0,1,0.972874640886684,-0.013567038460705465,-1.1228972826609915,5,0.05778279766310767,0.3460296591344572,0.5961875431101926
DM de Silva,Away,v England, England,0,4,2021-07-04,13,2,4,20210704,3,20210704,1.6094379124341003,-3.0,0,1,0.972874640886684,-0.37900666717981946,-1.0672525954912653,5,0.6751371869874999,0.26825895287882495,0.05660386018427559
DM de Silva,Home,v India, India,0,14,2021-07-18,13,13,5,20210718,4,20210718,2.70805020110221,-4.0,1,0,0.721067037532964,-0.24933454086013387,-1.011607908321539,5,0.3603355583130675,0.46854902421325,0.17111541746774037
DM de Silva,Home,v India, India,0,32,2021-07-20,13,1,6,20210720,4,20210720,3.4965075614664802,-4.0,1,0,0.721067037532964,-0.3907950422997909,-0.955963221151813,5,0.10867146617941902,0.48942821724499996,0.40190031653409564
DM de Silva,Home,v India, India,0,2,2021-07-23,13,2,7,20210723,4,20210723,1.0986122886681096,-4.0,1,0,0.721067037532964,-0.37900666717981946,-0.9003185339820867,5,0.91749683686,0.07614140154505204,0.006361761557294303
DM de Silva,Home,v South Africa, South Africa,0,44,2021-09-02,13,40,8,20210902,5,20210902,3.8066624897703196,-5.0,1,0,0.46925943417924393,0.06895158737909447,-0.8446738468123606,5,0.11068481181827851,0.3210811811739875,0.5682340071383174
DM de Silva,Home,v South Africa, South Africa,0,12,2021-09-04,13,1,9,20210904,5,20210904,2.5649493574615367,-5.0,1,0,0.46925943417924393,-0.3907950422997909,-0.7890291596426343,5,0.45004453214260004,0.40962513721475,0.14033033065694406
DM de Silva,Home,v South Africa, South Africa,0,31,2021-09-07,13,2,10,20210907,5,20210907,3.4657359027997265,-5.0,1,0,0.46925943417924393,-0.37900666717981946,-0.7333844724729082,5,0.126355598764401,0.48021574665475,0.3934286547200927
DM de Silva,Home,v Australia, Australia,0,7,2022-06-14,13,279,11,20220614,3,20220614,2.0794415416798357,-3.0,1,0,0.972874640886684,2.886373241052264,-0.677739785303182,5,0.5187615767048501,0.40174146121665,0.07949696217226375
DM de Silva,Home,v Australia, Australia,0,34,2022-06-16,13,1,12,20220616,4,20220616,3.5553480614894135,-4.0,1,0,0.721067037532964,-0.3907950422997909,-0.6220950981334558,5,0.1094682521344435,0.4708224693845,0.41970927847167766
DM de Silva,Home,v Australia, Australia,0,25,2022-06-19,13,2,13,20220619,5,20220619,3.258096538021482,-5.0,1,0,0.46925943417924393,-0.37900666717981946,-0.5664504109637296,5,0.14910945628632002,0.52835097148525,0.3225395722719084
DM de Silva,Home,v Australia, Australia,0,60,2022-06-21,13,1,14,20220621,5,20220621,4.110873864173311,-5.0,1,0,0.46925943417924393,-0.3907950422997909,-0.5108057237940034,5,0.05591253373984812,0.3942285892658275,0.5498588768934838
DM de Silva,Home,v Afghanistan, Afghanistan,0,16,2022-11-25,13,156,15,20221125,9,20221125,2.833213344056216,-9.0,1,0,-0.5379709792356362,1.4364031012957792,-0.4551610366242772,5,0.31805758884106994,0.4987769751835,0.18316543590080409
DM de Silva,Home,v Afghanistan, Afghanistan,0,5,2022-11-30,13,4,16,20221130,9,20221130,1.791759469228055,-9.0,1,0,-0.5379709792356362,-0.35542991693987663,-0.399516349454551,5,0.8144217565875,0.1689599768721925,0.01661826658044435
DM de Silva,Away,v India, India,0,47,2023-01-10,13,40,17,20230110,5,20230110,3.8712010109078907,-5.0,0,1,0.46925943417924393,0.06895158737909447,-0.3438716622848248,5,0.08151171913448209,0.3182976136763675,0.6001906671351801
DM de Silva,Away,v India, India,0,0,2023-01-12,13,1,18,20230112,4,20230112,0.0,-4.0,0,1,0.721067037532964,-0.3907950422997909,-0.2882269751150986,5,0.9818982757900001,0.016952700207372957,0.0011490240925190979
DM de Silva,Away,v New Zealand, New Zealand,0,13,2023-03-31,13,77,19,20230331,2,20230331,2.639057329615259,-2.0,0,1,1.224682244240404,0.505121466818037,-0.23258228794537242,5,0.328711122271225,0.3690225332063001,0.302266344547101
DM de Silva,Home,v Afghanistan, Afghanistan,0,51,2023-06-02,13,62,20,20230602,8,20230602,3.9512437185814275,-8.0,1,0,-0.2861633758819162,0.32829584001846573,-0.17693760077564624,5,0.08861493212722425,0.3728856976994,0.5384993701611015
DM de Silva,Home,v Afghanistan, Afghanistan,1,29,2023-06-04,13,1,21,20230604,8,20230604,3.4011973816621555,-8.0,1,0,-0.2861633758819162,-0.3907950422997909,-0.12129291360592004,5,0.0850694589188875,0.36186524540772497,0.5530652955830001
DM de Silva,Neutral,v U.A.E., United Arab Emirates,0,5,2023-06-19,13,14,22,20230619,19,20230619,1.791759469228055,-19.0,0,0,-3.056047012772837,-0.23754616574016243,-0.06564822643619385,5,0.91383228812,0.07764461724586405,0.008523094660595781
DM de Silva,Neutral,v Ireland, Ireland,1,42,2023-06-25,13,5,23,20230625,13,20230625,3.7612001156935624,-13.0,0,0,-1.5452013926505164,-0.3436415418199052,-0.010003539266467654,5,0.10623814363198901,0.29922119825725746,0.594540658146125
DM de Silva,Neutral,v Scotland, Scotland,0,23,2023-06-27,13,1,24,20230627,12,20230627,3.1780538303479458,-12.0,0,0,-1.2933937892967964,-0.3907950422997909,0.04564114790325854,5,0.2757657052767599,0.45781821435425,0.2664160803969318
DM de Silva,Neutral,v Netherlands, Netherlands,0,93,2023-06-30,13,2,25,20230630,15,20230630,4.543294782270004,-15.0,0,0,-2.0488165993579566,-0.37900666717981946,0.10128583507298473,5,0.06067823631471975,0.35517353777923993,0.584148225917145
DM de Silva,Neutral,v Netherlands, Netherlands,0,4,2023-07-09,13,8,26,20230709,14,20230709,1.6094379124341003,-14.0,0,0,-1.7970089960042364,-0.308276416459991,0.15693052224271092,5,0.9147594140975,0.077021511028082,0.00821907481396595
DM de Silva,Home,v Bangladesh, Bangladesh,0,2,2023-08-31,13,52,27,20230831,7,20230831,1.0986122886681096,-7.0,1,0,-0.034355772528196146,0.2104120888187515,0.21257520941243713,5,0.9722898739699999,0.02541432226957213,0.002295803726806419
DM de Silva,Neutral,v Afghanistan, Afghanistan,0,14,2023-09-05,13,4,28,20230905,9,20230905,2.70805020110221,-9.0,0,0,-0.5379709792356362,-0.35542991693987663,0.26821989658216333,5,0.5587582359007499,0.302543482317275,0.13869828173142565
DM de Silva,Home,v Bangladesh, Bangladesh,0,6,2023-09-09,13,3,29,20230909,7,20230909,1.9459101490553132,-7.0,1,0,-0.034355772528196146,-0.3672182920598481,0.3238645837518895,5,0.8257889534564999,0.152989083347115,0.021221963160589916
DM de Silva,Home,v India, India,0,41,2023-09-12,13,2,30,20230912,3,20230912,3.7376696182833684,-3.0,1,0,0.972874640886684,-0.37900666717981946,0.3795092709216157,5,0.11904669633637224,0.352968536215825,0.5279847673937323
DM de Silva,Home,v Pakistan, Pakistan,0,5,2023-09-14,13,1,31,20230914,3,20230914,1.791759469228055,-3.0,1,0,0.972874640886684,-0.3907950422997909,0.4351539580913419,5,0.8107374127527499,0.16471724530661,0.02454534200746652
DM de Silva,Home,v India, India,0,4,2023-09-17,13,2,32,20230917,2,20230917,1.6094379124341003,-2.0,1,0,1.224682244240404,-0.37900666717981946,0.4907986452610681,5,0.88341186967,0.1030955886885375,0.013492541653932882
DM de Silva,Neutral,v South Africa, South Africa,0,11,2023-10-07,13,19,33,20231007,4,20231007,2.4849066497880004,-4.0,0,0,0.721067037532964,-0.17860429014030535,0.5464433324307942,5,0.55017378704745,0.329418023762825,0.12040818931288508
DM de Silva,Neutral,v Pakistan, Pakistan,0,25,2023-10-10,13,2,34,20231010,2,20231010,3.258096538021482,-2.0,0,0,1.224682244240404,-0.37900666717981946,0.6020880196005205,5,0.16531777071777526,0.46034083520625,0.37434139402082134
DM de Silva,Neutral,v Australia, Australia,0,7,2023-10-16,13,5,35,20231016,4,20231016,2.0794415416798357,-4.0,0,0,0.721067037532964,-0.3436415418199052,0.6577327067702466,5,0.6319512683665001,0.31660571560387496,0.05144301601907657
DM de Silva,Neutral,v Netherlands, Netherlands,0,30,2023-10-21,13,4,36,20231021,14,20231021,3.4339872044851463,-14.0,0,0,-1.7970089960042364,-0.35542991693987663,0.7133773939399729,5,0.22996655619714,0.50603910550475,0.26399433828192376
DM de Silva,Neutral,v Afghanistan, Afghanistan,0,14,2023-10-30,13,8,37,20231030,9,20231030,2.70805020110221,-9.0,0,0,-0.5379709792356362,-0.308276416459991,0.769022081109699,5,0.38845649183442504,0.49905216279549997,0.11249134544907971
DM de Silva,Neutral,v Bangladesh, Bangladesh,0,34,2023-11-06,13,6,38,20231106,8,20231106,3.5553480614894135,-8.0,0,0,-0.2861633758819162,-0.3318531666999338,0.8246667682794252,5,0.1202957994461475,0.53123621173475,0.3484679888580218
DM de Silva,Neutral,v New Zealand, New Zealand,0,19,2023-11-09,13,2,39,20231109,5,20231109,2.995732273553991,-5.0,0,0,0.46925943417924393,-0.37900666717981946,0.8803114554491515,5,0.20517581113585498,0.5755349585045,0.21928923049842053
DN Wellalage,Home,v Australia, Australia,0,19,2022-06-21,14,4,1,20220621,5,20220621,2.995732273553991,-5.0,1,0,0.46925943417924393,-0.35542991693987663,-1.2341866570004438,6,0.0887478528833775,0.7944941079775,0.11675803914497905
DN Wellalage,Home,v Australia, Australia,0,4,2022-06-24,14,2,2,20220624,5,20220624,1.6094379124341003,-5.0,1,0,0.46925943417924393,-0.37900666717981946,-1.1785419698307178,6,0.6898931146725,0.28951048309822497,0.020596402274756655
DN Wellalage,Home,v Afghanistan, Afghanistan,1,31,2022-11-30,14,158,3,20221130,9,20221130,3.4657359027997265,-9.0,1,0,-0.5379709792356362,1.459979851535722,-1.1228972826609915,6,0.0871225755660025,0.388173712993775,0.524703711645
DN Wellalage,Away,v India, India,0,0,2023-01-10,14,40,4,20230110,5,20230110,0.0,-5.0,0,1,0.46925943417924393,0.06895158737909447,-1.0672525954912653,6,0.97556755192,0.023063547510185904,0.0013689006091908184
DN Wellalage,Away,v India, India,0,32,2023-01-12,14,1,5,20230112,4,20230112,3.4965075614664802,-4.0,0,1,0.721067037532964,-0.3907950422997909,-1.011607908321539,6,0.11536836566408351,0.29813369096304754,0.586497943393461
DN Wellalage,Away,v India, India,0,3,2023-01-15,14,2,6,20230115,4,20230115,1.3862943611198906,-4.0,0,1,0.721067037532964,-0.37900666717981946,-0.955963221151813,6,0.8410795486950001,0.13541405272380502,0.023506398628474662
DN Wellalage,Neutral,v Afghanistan, Afghanistan,1,33,2023-09-05,14,232,7,20230905,9,20230905,3.5263605246161616,-9.0,0,0,-0.5379709792356362,2.3323196104136072,-0.9003185339820867,6,0.09865969326511376,0.302823071603035,0.5985172352349
DN Wellalage,Home,v Bangladesh, Bangladesh,0,3,2023-09-09,14,3,8,20230909,7,20230909,1.3862943611198906,-7.0,1,0,-0.034355772528196146,-0.3672182920598481,-0.8446738468123606,6,0.9202428829575,0.07135180281741375,0.008405314205724216
DN Wellalage,Home,v India, India,1,42,2023-09-12,14,2,9,20230912,3,20230912,3.7612001156935624,-3.0,1,0,0.972874640886684,-0.37900666717981946,-0.7890291596426343,6,0.095754812151237,0.27610885754767023,0.628136330352275
DN Wellalage,Home,v Pakistan, Pakistan,0,0,2023-09-14,14,1,10,20230914,3,20230914,0.0,-3.0,1,0,0.972874640886684,-0.3907950422997909,-0.7333844724729082,6,0.9865495951975001,0.01254174376405443,0.0009086610787982116
DN Wellalage,Home,v India, India,0,8,2023-09-17,14,2,11,20230917,2,20230917,2.1972245773362196,-2.0,1,0,1.224682244240404,-0.37900666717981946,-0.677739785303182,6,0.69728737642875,0.2231292043107,0.07958341919924167
DN Wellalage,Neutral,v South Africa, South Africa,0,0,2023-10-07,14,19,12,20231007,4,20231007,0.0,-4.0,0,0,0.721067037532964,-0.17860429014030535,-0.6220950981334558,6,0.9895674798349999,0.009836016165456495,0.0005965039877045676
DN Wellalage,Neutral,v Pakistan, Pakistan,0,10,2023-10-10,14,2,13,20231010,2,20231010,2.3978952727983707,-2.0,0,0,1.224682244240404,-0.37900666717981946,-0.5664504109637296,6,0.5504476288857499,0.300940805618775,0.14861156555450802
DN Wellalage,Neutral,v Australia, Australia,0,2,2023-10-16,14,5,14,20231016,4,20231016,1.0986122886681096,-4.0,0,0,0.721067037532964,-0.3436415418199052,-0.5108057237940034,6,0.940565953175,0.05432501446811457,0.005109032308335525
DN Wellalage,Away,v Bangladesh, Bangladesh,1,15,2024-03-15,14,150,15,20240315,8,20240110,2.772588722239781,-8.0,0,1,-0.2861633758819162,1.3656728505759506,-0.4551610366242772,6,0.1477831083041425,0.313786802095525,0.538430089573875
DN Wellalage,Away,v Bangladesh, Bangladesh,0,1,2024-03-18,14,2,16,20240318,8,20240110,0.6931471805599453,-8.0,0,1,-0.2861633758819162,-0.37900666717981946,-0.399516349454551,6,0.9667165968849999,0.0306356332106906,0.0026477698862861715
DN Wellalage,Home,v India, India,1,67,2024-08-02,14,136,17,20240802,1,20240802,4.219507705176107,-1.0,1,0,1.4764898475941242,1.2006355988963509,-0.3438716622848248,6,0.11053251819715998,0.25334871930382064,0.636118762453475
DN Wellalage,Home,v India, India,0,39,2024-08-04,14,1,18,20240804,1,20240804,3.6888794541139363,-1.0,1,0,1.4764898475941242,-0.3907950422997909,-0.2882269751150986,6,0.0857689094107315,0.3126632399911175,0.601567850599854
DN Wellalage,Home,v India, India,0,2,2024-08-07,14,2,19,20240807,1,20240807,1.0986122886681096,-1.0,1,0,1.4764898475941242,-0.37900666717981946,-0.23258228794537242,6,0.931366889955,0.06120684006389524,0.007426270033264199
DN Wellalage,Home,v New Zealand, New Zealand,0,18,2024-11-17,14,101,20,20241117,5,20241117,2.9444389791664403,-5.0,1,0,0.46925943417924393,0.788042469697351,-0.17693760077564624,6,0.34298450519155005,0.3886993054785,0.268316189294098
DN Wellalage,Home,v Australia, Australia,0,30,2025-02-12,14,86,21,20250212,2,20250212,3.4339872044851463,-2.0,1,0,1.224682244240404,0.6112168428977798,-0.12129291360592004,6,0.11755567782630925,0.432176782725075,0.4502675395130901
DN Wellalage,Home,v Bangladesh, Bangladesh,0,1,2025-07-05,14,142,22,20250705,9,20250705,0.6931471805599453,-9.0,1,0,-0.5379709792356362,1.2713658496161793,-0.06564822643619385,6,0.97237748988,0.02596705751842822,0.001655452604236735
DN Wellalage,Home,v Bangladesh, Bangladesh,0,6,2025-07-08,14,2,23,20250708,9,20250708,1.9459101490553132,-9.0,1,0,-0.5379709792356362,-0.37900666717981946,-0.010003539266467654,6,0.8938394782375,0.088839438034055,0.017321083698999623
FDM Karunaratne,Away,v West Indies, West Indies,0,1,2021-03-12,16,1,1,20210312,9,20210312,0.6931471805599453,-9.0,0,1,-0.5379709792356362,-0.3907950422997909,-1.2341866570004438,7,0.85045406825645,0.14438300221113917,0.005162929492527525
FDM Karunaratne,Away,v West Indies, West Indies,0,31,2021-03-14,16,1,2,20210314,9,20210314,3.4657359027997265,-9.0,0,1,-0.5379709792356362,-0.3907950422997909,-1.1785419698307178,7,0.1385448078007475,0.390198940679675,0.4712562514895711
FDM Karunaratne,Home,v Afghanistan, Afghanistan,0,4,2023-06-02,16,809,3,20230602,8,20230602,1.6094379124341003,-8.0,1,0,-0.2861633758819162,9.134212054637118,-1.1228972826609915,7,0.7118051465532501,0.2396285671066175,0.04856628642462662
FDM Karunaratne,Home,v Afghanistan, Afghanistan,0,52,2023-06-04,16,1,4,20230604,8,20230604,3.970291913552122,-8.0,1,0,-0.2861633758819162,-0.3907950422997909,-1.0672525954912653,7,0.09884641204948325,0.3656963225578875,0.5354572655660466
FDM Karunaratne,Home,v Afghanistan, Afghanistan,1,56,2023-06-07,16,2,5,20230607,9,20230607,4.04305126783455,-9.0,1,0,-0.5379709792356362,-0.37900666717981946,-1.011607908321539,7,0.06641394134604475,0.3148503523336795,0.61873570637275
FDM Karunaratne,Neutral,v U.A.E., United Arab Emirates,0,52,2023-06-19,16,11,6,20230619,19,20230619,3.970291913552122,-19.0,0,0,-3.056047012772837,-0.2729112911000767,-0.955963221151813,7,0.11501454277422249,0.402024345532025,0.4829611116286819
FDM Karunaratne,Neutral,v Oman, Oman,1,61,2023-06-23,16,3,7,20230623,18,20230623,4.127134385045092,-18.0,0,0,-2.8042394094191168,-0.3672182920598481,-0.9003185339820867,7,0.06355813179285176,0.33272002219286,0.603721845928
FDM Karunaratne,Neutral,v Ireland, Ireland,0,103,2023-06-25,16,1,8,20230625,13,20230625,4.6443908991413725,-13.0,0,0,-1.5452013926505164,-0.3907950422997909,-0.8446738468123606,7,0.051820021867683454,0.2801634205026302,0.6680165576727499
FDM Karunaratne,Neutral,v Scotland, Scotland,0,7,2023-06-27,16,1,9,20230627,12,20230627,2.0794415416798357,-12.0,0,0,-1.2933937892967964,-0.3907950422997909,-0.7890291596426343,7,0.7760770243512499,0.185681407029365,0.038241568559484074
FDM Karunaratne,Neutral,v Netherlands, Netherlands,0,33,2023-06-30,16,2,10,20230630,15,20230630,3.5263605246161616,-15.0,0,0,-2.0488165993579566,-0.37900666717981946,-0.7333844724729082,7,0.22768490838155,0.44455935240024996,0.32775573925396234
FDM Karunaratne,Away,v Zimbabwe, Zimbabwe,0,30,2023-07-02,16,1,11,20230702,11,20230702,3.4339872044851463,-11.0,0,1,-1.0415861859430764,-0.3907950422997909,-0.677739785303182,7,0.1240332709408875,0.48324479404,0.39272193495469265
FDM Karunaratne,Neutral,v West Indies, West Indies,0,83,2023-07-07,16,4,12,20230707,10,20230707,4.430816798843313,-10.0,0,0,-0.7897785825893563,-0.35542991693987663,-0.6220950981334558,7,0.053726911906790506,0.34891892448441025,0.59735416362175
FDM Karunaratne,Home,v Bangladesh, Bangladesh,0,1,2023-08-31,16,54,13,20230831,7,20230831,0.6931471805599453,-7.0,1,0,-0.034355772528196146,0.23398883905869436,-0.5664504109637296,7,0.97083465036,0.026859774543943265,0.0023055750621518217
FDM Karunaratne,Neutral,v Afghanistan, Afghanistan,0,32,2023-09-05,16,4,14,20230905,9,20230905,3.4965075614664802,-9.0,0,0,-0.5379709792356362,-0.35542991693987663,-0.5108057237940034,7,0.206625726254945,0.35913735516635,0.4342369183835517
FDM Karunaratne,Home,v Bangladesh, Bangladesh,0,18,2023-09-09,16,3,15,20230909,7,20230909,2.9444389791664403,-7.0,1,0,-0.034355772528196146,-0.3672182920598481,-0.4551610366242772,7,0.334322346928725,0.46549151615900003,0.2001861367834518
FDM Karunaratne,Home,v India, India,0,2,2023-09-12,16,2,16,20230912,3,20230912,1.0986122886681096,-3.0,1,0,0.972874640886684,-0.37900666717981946,-0.399516349454551,7,0.9317478725075,0.0637302281941044,0.004521899319233189
FDM Karunaratne,Neutral,v Afghanistan, Afghanistan,0,15,2023-10-30,16,47,17,20231030,9,20231030,2.772588722239781,-9.0,0,0,-0.5379709792356362,0.15147021321889442,-0.3438716622848248,7,0.49617662894025,0.3474991171278,0.1563242538803076
FDM Karunaratne,Away,v India, India,0,0,2023-11-02,16,2,18,20231102,1,20231102,0.0,-1.0,0,1,1.4764898475941242,-0.37900666717981946,-0.2882269751150986,7,0.9818669837300001,0.017212029720660722,0.0009209865945208341
J Liyanage,Home,v Zimbabwe, Zimbabwe,0,95,2024-01-08,18,1,1,20240108,11,20240108,4.564348191467836,-11.0,1,0,-1.0415861859430764,-0.3907950422997909,-1.2341866570004438,8,0.03545204660111908,0.6356197047979926,0.328928248671809
J Liyanage,Home,v Afghanistan, Afghanistan,0,50,2024-02-11,18,33,2,20240211,9,20240110,3.9318256327243257,-9.0,1,0,-0.5379709792356362,-0.013567038460705465,-1.1785419698307178,8,0.07460965360538376,0.530512216706725,0.39487812971881486
J Liyanage,Away,v Bangladesh, Bangladesh,0,67,2024-03-13,18,30,3,20240313,8,20240110,4.219507705176107,-8.0,0,1,-0.2861633758819162,-0.048932163820619726,-1.1228972826609915,8,0.04846804298520072,0.38611492088336424,0.5654170361950288
J Liyanage,Away,v Bangladesh, Bangladesh,0,9,2024-03-15,18,1,4,20240315,8,20240110,2.302585092994046,-8.0,0,1,-0.2861633758819162,-0.3907950422997909,-1.0672525954912653,8,0.5623328428967249,0.35474024259677506,0.08292691450215753
J Liyanage,Away,v Bangladesh, Bangladesh,1,101,2024-03-18,18,2,5,20240318,8,20240110,4.624972813284271,-8.0,0,1,-0.2861633758819162,-0.37900666717981946,-1.011607908321539,8,0.08755407612296907,0.34627504609464393,0.5661708777510628
J Liyanage,Home,v India, India,0,20,2024-08-02,18,136,6,20240802,1,20240802,3.044522437723423,-1.0,1,0,1.4764898475941242,1.2006355988963509,-0.955963221151813,8,0.2452718451976225,0.48047937050625,0.27424878432068034
J Liyanage,Home,v India, India,0,12,2024-08-04,18,1,7,20240804,1,20240804,2.5649493574615367,-1.0,1,0,1.4764898475941242,-0.3907950422997909,-0.9003185339820867,8,0.4249346084864,0.4643963668390875,0.11066902469107194
J Liyanage,Home,v India, India,0,8,2024-08-07,18,2,8,20240807,1,20240807,2.1972245773362196,-1.0,1,0,1.4764898475941242,-0.37900666717981946,-0.8446738468123606,8,0.6029027124679249,0.34482176009916,0.05227552743431399
J Liyanage,Home,v West Indies, West Indies,1,18,2024-10-20,18,73,9,20241020,10,20241020,2.9444389791664403,-10.0,1,0,-0.7897785825893563,0.45796796633815134,-0.7890291596426343,8,0.16028833433940753,0.438438391721825,0.40127327400667495
J Liyanage,Home,v West Indies, West Indies,0,24,2024-10-23,18,2,10,20241023,10,20241023,3.2188758248682006,-10.0,1,0,-0.7897785825893563,-0.37900666717981946,-0.7333844724729082,8,0.31546934310671754,0.5153792712720001,0.16915138561621873
J Liyanage,Home,v New Zealand, New Zealand,1,12,2024-11-13,18,20,11,20241113,5,20241113,2.5649493574615367,-5.0,1,0,0.46925943417924393,-0.1668159150203339,-0.677739785303182,8,0.15412973235224753,0.48480398887299997,0.36106627873632496
J Liyanage,Home,v New Zealand, New Zealand,0,22,2024-11-17,18,3,12,20241117,5,20241117,3.1354942159291497,-5.0,1,0,0.46925943417924393,-0.3672182920598481,-0.6220950981334558,8,0.2599798347001075,0.5496712973969999,0.1903488678214651
J Liyanage,Away,v New Zealand, New Zealand,0,36,2025-01-05,18,48,13,20250105,5,20250105,3.6109179126442243,-5.0,0,1,0.46925943417924393,0.16325858833886583,-0.5664504109637296,8,0.08716601987028,0.49899385528945,0.4138401247642626
J Liyanage,Away,v New Zealand, New Zealand,0,22,2025-01-08,18,2,14,20250108,5,20250108,3.1354942159291497,-5.0,0,1,0.46925943417924393,-0.37900666717981946,-0.5108057237940034,8,0.16662611006857997,0.5529718780555,0.28040201179074353
J Liyanage,Away,v New Zealand, New Zealand,0,53,2025-01-11,18,2,15,20250111,5,20250111,3.9889840465642745,-5.0,0,1,0.46925943417924393,-0.37900666717981946,-0.4551610366242772,8,0.05857565831293475,0.42442491007187005,0.5169994315837163
J Liyanage,Home,v Australia, Australia,0,11,2025-02-12,18,31,16,20250212,2,20250212,2.4849066497880004,-2.0,1,0,1.224682244240404,-0.03714378870064831,-0.399516349454551,8,0.50657109069825,0.39973646942657504,0.09369243980457764
J Liyanage,Home,v Australia, Australia,1,32,2025-02-14,18,1,17,20250214,2,20250214,3.4965075614664802,-2.0,1,0,1.224682244240404,-0.3907950422997909,-0.3438716622848248,8,0.0886439352395845,0.40969436682677496,0.501661697923225
J Liyanage,Home,v Bangladesh, Bangladesh,0,29,2025-07-02,18,137,18,20250702,10,20250702,3.4011973816621555,-10.0,1,0,-0.7897785825893563,1.2124239740163223,-0.2882269751150986,8,0.2348546242691275,0.51589060824025,0.2492547675062697
J Liyanage,Home,v Bangladesh, Bangladesh,0,78,2025-07-05,18,2,19,20250705,9,20250705,4.3694478524670215,-9.0,1,0,-0.5379709792356362,-0.37900666717981946,-0.23258228794537242,8,0.0660391243914005,0.422126467331045,0.5118344082420963
J Liyanage,Home,v Bangladesh, Bangladesh,0,12,2025-07-08,18,2,20,20250708,9,20250708,2.5649493574615367,-9.0,1,0,-0.5379709792356362,-0.37900666717981946,-0.17693760077564624,8,0.6197236060385001,0.31901192261586003,0.061264471380917895
J Liyanage,Away,v Zimbabwe, Zimbabwe,1,70,2025-08-29,18,51,21,20250829,11,20250829,4.2626798770413155,-11.0,0,1,-1.0415861859430764,0.1986237136987801,-0.12129291360592004,8,0.07712418290855796,0.34165131681896,0.5812245002594675
J Liyanage,Away,v Zimbabwe, Zimbabwe,1,19,2025-08-31,18,1,22,20250831,11,20250831,2.995732273553991,-11.0,0,1,-1.0415861859430764,-0.3907950422997909,-0.06564822643619385,8,0.12172678503629751,0.38424929870425,0.494023916163
J Liyanage,Away,v Pakistan, Pakistan,0,28,2025-11-11,18,71,23,20251111,4,20251111,3.367295829986474,-4.0,0,1,0.721067037532964,0.43439121609820847,-0.010003539266467654,8,0.12937199091674928,0.45692976653575,0.41369824252332593
J Liyanage,Away,v Pakistan, Pakistan,0,54,2025-11-14,18,2,24,20251114,4,20251114,4.007333185232471,-4.0,0,1,0.721067037532964,-0.37900666717981946,0.04564114790325854,8,0.05999877661170822,0.37214302970226254,0.567858193605139
J Liyanage,Away,v Pakistan, Pakistan,0,4,2025-11-16,18,1,25,20251116,4,20251116,1.6094379124341003,-4.0,0,1,0.721067037532964,-0.3907950422997909,0.10128583507298473,8,0.832038052365,0.14377365185625973,0.02418829578907984
KIC Asalanka,Away,v England, England,0,3,2021-07-01,21,1,1,20210701,3,20210701,1.3862943611198906,-3.0,0,1,0.972874640886684,-0.3907950422997909,-1.2341866570004438,9,0.6111649424228749,0.3699364388348325,0.01889861877825429
KIC Asalanka,Home,v India, India,0,38,2021-07-18,21,16,2,20210718,4,20210718,3.6635616461296463,-4.0,1,0,0.721067037532964,-0.2139694155002196,-1.1785419698307178,9,0.1139569998897865,0.47983881911785,0.4062041811423493
KIC Asalanka,Home,v India, India,0,65,2021-07-20,21,1,3,20210720,4,20210720,4.189654742026425,-4.0,1,0,0.721067037532964,-0.3907950422997909,-1.1228972826609915,9,0.05746393353867727,0.3791328507972528,0.5634032157231674
KIC Asalanka,Home,v India, India,0,24,2021-07-23,21,2,4,20210723,4,20210723,3.2188758248682006,-4.0,1,0,0.721067037532964,-0.37900666717981946,-1.0672525954912653,9,0.19917726207154499,0.5044589302855,0.2963638076271582
KIC Asalanka,Home,v South Africa, South Africa,0,72,2021-09-02,21,40,5,20210902,5,20210902,4.290459441148391,-5.0,1,0,0.46925943417924393,0.06895158737909447,-1.011607908321539,9,0.05454186967532365,0.3768221182646155,0.5686360120614325
KIC Asalanka,Home,v South Africa, South Africa,0,77,2021-09-04,21,1,6,20210904,5,20210904,4.356708826689592,-5.0,1,0,0.46925943417924393,-0.3907950422997909,-0.955963221151813,9,0.05327718976692755,0.3191481498517103,0.6275746603463249
KIC Asalanka,Home,v South Africa, South Africa,0,47,2021-09-07,21,2,7,20210907,5,20210907,3.8712010109078907,-5.0,1,0,0.46925943417924393,-0.37900666717981946,-0.9003185339820867,9,0.0846154340203665,0.36578015596490504,0.549604410038476
KIC Asalanka,Home,v Zimbabwe, Zimbabwe,0,71,2022-01-16,21,130,8,20220116,14,20220116,4.276666119016055,-14.0,1,0,-1.7970089960042364,1.1299053481765222,-0.8446738468123606,9,0.07097743187482751,0.3570082736413775,0.5720142945543715
KIC Asalanka,Home,v Zimbabwe, Zimbabwe,0,23,2022-01-18,21,1,9,20220118,14,20220118,3.1780538303479458,-14.0,1,0,-1.7970089960042364,-0.3907950422997909,-0.7890291596426343,9,0.367999734436825,0.46048949196175,0.1715107736644985
KIC Asalanka,Home,v Zimbabwe, Zimbabwe,0,52,2022-01-21,21,2,10,20220121,14,20220121,3.970291913552122,-14.0,1,0,-1.7970089960042364,-0.37900666717981946,-0.7333844724729082,9,0.11656847392484124,0.50300991849525,0.3804216076162244
KIC Asalanka,Home,v Australia, Australia,0,37,2022-06-14,21,143,11,20220614,3,20220614,3.6375861597263857,-3.0,1,0,0.972874640886684,1.2831542247361507,-0.677739785303182,9,0.08891594686397525,0.47197337757264995,0.4391106755630419
KIC Asalanka,Home,v Australia, Australia,0,13,2022-06-16,21,1,12,20220616,4,20220616,2.639057329615259,-4.0,1,0,0.721067037532964,-0.3907950422997909,-0.6220950981334558,9,0.41307525449437504,0.47091107300625,0.11601367246389899
KIC Asalanka,Home,v Australia, Australia,1,13,2022-06-19,21,2,13,20220619,5,20220619,2.639057329615259,-5.0,1,0,0.46925943417924393,-0.37900666717981946,-0.5664504109637296,9,0.14446922494745998,0.47890626781975004,0.37662450721435
KIC Asalanka,Home,v Australia, Australia,0,110,2022-06-21,21,1,14,20220621,5,20220621,4.709530201312334,-5.0,1,0,0.46925943417924393,-0.3907950422997909,-0.5108057237940034,9,0.0526375326823884,0.34209926848520067,0.6052631988358
KIC Asalanka,Home,v Australia, Australia,0,14,2022-06-24,21,2,15,20220624,5,20220624,2.70805020110221,-5.0,1,0,0.46925943417924393,-0.37900666717981946,-0.4551610366242772,9,0.44641330403475,0.42457620667745,0.1290104893715297
KIC Asalanka,Home,v Afghanistan, Afghanistan,0,10,2022-11-25,21,153,16,20221125,9,20221125,2.3978952727983707,-9.0,1,0,-0.5379709792356362,1.4010379759358649,-0.399516349454551,9,0.619020977221,0.328357613838685,0.05262140907077807
KIC Asalanka,Home,v Afghanistan, Afghanistan,1,83,2022-11-30,21,4,17,20221130,9,20221130,4.430816798843313,-9.0,1,0,-0.5379709792356362,-0.35542991693987663,-0.3438716622848248,9,0.07762415636634759,0.3430780607767667,0.579297782858
KIC Asalanka,Away,v India, India,0,23,2023-01-10,21,40,18,20230110,5,20230110,3.1780538303479458,-5.0,0,1,0.46925943417924393,0.06895158737909447,-0.2882269751150986,9,0.16586925670073277,0.46857007925599997,0.3655606640890093
KIC Asalanka,Away,v India, India,0,15,2023-01-12,21,1,19,20230112,4,20230112,2.772588722239781,-4.0,0,1,0.721067037532964,-0.3907950422997909,-0.23258228794537242,9,0.25183626156474254,0.5410810269345,0.20708271151946905
KIC Asalanka,Away,v India, India,0,1,2023-01-15,21,2,20,20230115,4,20230115,0.6931471805599453,-4.0,0,1,0.721067037532964,-0.37900666717981946,-0.17693760077564624,9,0.947625211395,0.049107588280470876,0.003267200263504935
KIC Asalanka,Away,v New Zealand, New Zealand,0,9,2023-03-25,21,68,21,20230325,3,20230325,2.302585092994046,-3.0,0,1,0.972874640886684,0.3990260907382942,-0.12129291360592004,9,0.5991895665930499,0.29254881539525,0.10826161813226372
KIC Asalanka,Away,v New Zealand, New Zealand,0,9,2023-03-31,21,5,22,20230331,2,20230331,2.302585092994046,-2.0,0,1,1.224682244240404,-0.3436415418199052,-0.06564822643619385,9,0.519333192320725,0.37804061323020005,0.10262619447139093
KIC Asalanka,Home,v Afghanistan, Afghanistan,0,91,2023-06-02,21,62,23,20230602,8,20230602,4.5217885770490405,-8.0,1,0,-0.2861633758819162,0.32829584001846573,-0.010003539266467654,9,0.07006790132243276,0.34682585069488747,0.5831062480749599
KIC Asalanka,Home,v Afghanistan, Afghanistan,0,6,2023-06-04,21,1,24,20230604,8,20230604,1.9459101490553132,-8.0,1,0,-0.2861633758819162,-0.3907950422997909,0.04564114790325854,9,0.85642019095,0.12732697356463898,0.01625283541032976
KIC Asalanka,Neutral,v U.A.E., United Arab Emirates,1,48,2023-06-19,21,14,25,20230619,19,20230619,3.8918202981106265,-19.0,0,0,-3.056047012772837,-0.23754616574016243,0.10128583507298473,9,0.12017405302919974,0.332767133574725,0.5470588133146
KIC Asalanka,Neutral,v Ireland, Ireland,0,38,2023-06-25,21,5,26,20230625,13,20230625,3.6635616461296463,-13.0,0,0,-1.5452013926505164,-0.3436415418199052,0.15693052224271092,9,0.18513559848635747,0.46355917241575,0.3513052291604661
KIC Asalanka,Neutral,v Scotland, Scotland,0,63,2023-06-27,21,1,27,20230627,12,20230627,4.1588830833596715,-12.0,0,0,-1.2933937892967964,-0.3907950422997909,0.21257520941243713,9,0.07951075134127875,0.422880727492225,0.49760852108698655
KIC Asalanka,Neutral,v Netherlands, Netherlands,0,2,2023-06-30,21,2,28,20230630,15,20230630,1.0986122886681096,-15.0,0,0,-2.0488165993579566,-0.37900666717981946,0.26821989658216333,9,0.9716576590774999,0.026561346227652174,0.001780994680033599
KIC Asalanka,Neutral,v Netherlands, Netherlands,0,36,2023-07-09,21,8,29,20230709,14,20230709,3.6109179126442243,-14.0,0,0,-1.7970089960042364,-0.308276416459991,0.3238645837518895,9,0.297008799925725,0.377383399718625,0.32560780034386677
KIC Asalanka,Home,v Bangladesh, Bangladesh,1,62,2023-08-31,21,52,30,20230831,7,20230831,4.143134726391533,-7.0,1,0,-0.034355772528196146,0.2104120888187515,0.3795092709216157,9,0.07519883629204371,0.3261330739666125,0.5986680897370501
KIC Asalanka,Neutral,v Afghanistan, Afghanistan,0,36,2023-09-05,21,4,31,20230905,9,20230905,3.6109179126442243,-9.0,0,0,-0.5379709792356362,-0.35542991693987663,0.4351539580913419,9,0.1595555594655925,0.4490533785535,0.39139106187484
KIC Asalanka,Home,v Bangladesh, Bangladesh,0,10,2023-09-09,21,3,32,20230909,7,20230909,2.3978952727983707,-7.0,1,0,-0.034355772528196146,-0.3672182920598481,0.4907986452610681,9,0.6598860575987501,0.2922438375219925,0.047870104797087414
KIC Asalanka,Home,v India, India,0,22,2023-09-12,21,2,33,20230912,3,20230912,3.1354942159291497,-3.0,1,0,0.972874640886684,-0.37900666717981946,0.5464433324307942,9,0.288555085187275,0.49625218043675,0.21519273415514914
KIC Asalanka,Home,v Pakistan, Pakistan,1,49,2023-09-14,21,1,34,20230914,3,20230914,3.912023005428146,-3.0,1,0,0.972874640886684,-0.3907950422997909,0.6020880196005205,9,0.06920945546695324,0.3890181151017725,0.5417724294477501
KIC Asalanka,Home,v India, India,0,0,2023-09-17,21,2,35,20230917,2,20230917,0.0,-2.0,1,0,1.224682244240404,-0.37900666717981946,0.6577327067702466,9,0.9857631225525,0.013355107641790253,0.0008817697811323564
KIC Asalanka,Neutral,v South Africa, South Africa,0,79,2023-10-07,21,19,36,20231007,4,20231007,4.382026634673881,-4.0,0,0,0.721067037532964,-0.17860429014030535,0.7133773939399729,9,0.0892281530700795,0.25248749710693874,0.6582843498884999
KIC Asalanka,Neutral,v Pakistan, Pakistan,0,1,2023-10-10,21,2,37,20231010,2,20231010,0.6931471805599453,-2.0,0,0,1.224682244240404,-0.37900666717981946,0.769022081109699,9,0.97868833809,0.019615488601348936,0.0016961733421752348
KIC Asalanka,Neutral,v Australia, Australia,0,25,2023-10-16,21,5,38,20231016,4,20231016,3.258096538021482,-4.0,0,0,0.721067037532964,-0.3436415418199052,0.8246667682794252,9,0.30699361063643504,0.369809487872025,0.3231969014195075
KIC Asalanka,Neutral,v Netherlands, Netherlands,0,44,2023-10-21,21,4,39,20231021,14,20231021,3.8066624897703196,-14.0,0,0,-1.7970089960042364,-0.35542991693987663,0.8803114554491515,9,0.17578157575974748,0.4709325420170001,0.3532858820614878
KIC Asalanka,Neutral,v Afghanistan, Afghanistan,0,22,2023-10-30,21,8,40,20231030,9,20231030,3.1354942159291497,-9.0,0,0,-0.5379709792356362,-0.308276416459991,0.9359561426188776,9,0.29658526175425,0.5265913441145,0.17682339410428
KIC Asalanka,Away,v India, India,0,1,2023-11-02,21,2,41,20231102,1,20231102,0.6931471805599453,-1.0,0,1,1.4764898475941242,-0.37900666717981946,0.9916008297886039,9,0.9506714538825001,0.04669228365675865,0.0026362624602032873
KIC Asalanka,Neutral,v Bangladesh, Bangladesh,0,108,2023-11-06,21,3,42,20231106,8,20231106,4.6913478822291435,-8.0,0,0,-0.2861633758819162,-0.3672182920598481,1.04724551695833,9,0.08462930313110317,0.258576055656419,0.65679464128885
KIC Asalanka,Neutral,v New Zealand, New Zealand,0,8,2023-11-09,21,2,43,20231109,5,20231109,2.1972245773362196,-5.0,0,0,0.46925943417924393,-0.37900666717981946,1.1028902041280562,9,0.7629360770697499,0.196279141545995,0.04078478141013754
KIC Asalanka,Home,v Zimbabwe, Zimbabwe,0,101,2024-01-06,21,57,44,20240106,11,20240106,4.624972813284271,-11.0,1,0,-1.0415861859430764,0.2693539644186086,1.1585348912977824,9,0.08079291063094186,0.31040209551754255,0.608804993725835
KIC Asalanka,Home,v Zimbabwe, Zimbabwe,0,0,2024-01-08,21,1,45,20240108,11,20240108,0.0,-11.0,1,0,-1.0415861859430764,-0.3907950422997909,1.2141795784675087,9,0.9911995799050001,0.008264745107353989,0.0005356750942611141
KIC Asalanka,Home,v Afghanistan, Afghanistan,1,7,2024-02-09,21,31,46,20240209,9,20240110,2.0794415416798357,-9.0,1,0,-0.5379709792356362,-0.03714378870064831,1.2698242656372347,9,0.35903863133624997,0.267534808260725,0.37342656036767996
KIC Asalanka,Home,v Afghanistan, Afghanistan,1,97,2024-02-11,21,1,47,20240211,9,20240110,4.584967478670572,-9.0,1,0,-0.5379709792356362,-0.3907950422997909,1.325468952806961,9,0.07905486425208505,0.2800191103587385,0.640926025378225
KIC Asalanka,Home,v Afghanistan, Afghanistan,1,7,2024-02-14,21,2,48,20240214,9,20240110,2.0794415416798357,-9.0,1,0,-0.5379709792356362,-0.37900666717981946,1.3811136399766872,9,0.26599774317785,0.32985283047575004,0.40414942631300005
KIC Asalanka,Away,v Bangladesh, Bangladesh,0,18,2024-03-13,21,27,49,20240313,8,20240110,2.9444389791664403,-8.0,0,1,-0.2861633758819162,-0.08429728918053399,1.4367583271464133,9,0.3238050741250475,0.47503391353075,0.20116101226779312
KIC Asalanka,Away,v Bangladesh, Bangladesh,0,91,2024-03-15,21,1,50,20240315,8,20240110,4.5217885770490405,-8.0,0,1,-0.2861633758819162,-0.3907950422997909,1.4924030143161395,9,0.057742413915883535,0.3522491587450725,0.5900084273437249
KIC Asalanka,Away,v Bangladesh, Bangladesh,0,37,2024-03-18,21,2,51,20240318,8,20240110,3.6375861597263857,-8.0,0,1,-0.2861633758819162,-0.37900666717981946,1.5480477014858658,9,0.115671301647104,0.43282792851217505,0.4515007699352228
KIC Asalanka,Home,v India, India,0,14,2024-08-02,21,136,52,20240802,1,20240802,2.70805020110221,-1.0,1,0,1.4764898475941242,1.2006355988963509,1.6036923886555918,9,0.38449123618634246,0.47569842799699996,0.13981033587971875
KIC Asalanka,Home,v India, India,0,25,2024-08-04,21,1,53,20240804,1,20240804,3.258096538021482,-1.0,1,0,1.4764898475941242,-0.3907950422997909,1.659337075825318,9,0.199525847452915,0.5602982967392499,0.2401758558165594
KIC Asalanka,Home,v India, India,0,10,2024-08-07,21,2,54,20240807,1,20240807,2.3978952727983707,-1.0,1,0,1.4764898475941242,-0.37900666717981946,1.7149817629950443,9,0.53224316420255,0.4078953356161026,0.05986150023274716
KIC Asalanka,Home,v West Indies, West Indies,0,77,2024-10-20,21,73,55,20241020,10,20241020,4.356708826689592,-10.0,1,0,-0.7897785825893563,0.45796796633815134,1.7706264501647706,9,0.08077737117002175,0.42339390707767494,0.4958287217013475
KIC Asalanka,Home,v West Indies, West Indies,1,62,2024-10-23,21,2,56,20241023,10,20241023,4.143134726391533,-10.0,1,0,-0.7897785825893563,-0.37900666717981946,1.8262711373344964,9,0.06677690915019314,0.36105604777117245,0.5721670430755
KIC Asalanka,Home,v West Indies, West Indies,0,6,2024-10-26,21,2,57,20241026,10,20241026,1.9459101490553132,-10.0,1,0,-0.7897785825893563,-0.37900666717981946,1.8819158245042227,9,0.893707313525,0.09546727691206926,0.010825409575314488
KIC Asalanka,Home,v New Zealand, New Zealand,0,40,2024-11-13,21,17,58,20241113,5,20241113,3.713572066704308,-5.0,1,0,0.46925943417924393,-0.20218104038024817,1.937560511673949,9,0.1969990803634475,0.3916109810724499,0.4113899385281655
KIC Asalanka,Home,v New Zealand, New Zealand,0,13,2024-11-17,21,3,59,20241117,5,20241117,2.639057329615259,-5.0,1,0,0.46925943417924393,-0.3672182920598481,1.993205198843675,9,0.5841506215177998,0.34417194264429996,0.07167743603791948
KIC Asalanka,Away,v New Zealand, New Zealand,0,0,2025-01-05,21,48,60,20250105,5,20250105,0.0,-5.0,0,1,0.46925943417924393,0.16325858833886583,2.0488498860134015,9,0.9869417061725,0.012495989907781082,0.0005623038972271675
KIC Asalanka,Away,v New Zealand, New Zealand,0,4,2025-01-08,21,2,61,20250108,5,20250108,1.6094379124341003,-5.0,0,1,0.46925943417924393,-0.37900666717981946,2.1044945731831275,9,0.93928718464,0.0520845947866295,0.008628220562393105
KIC Asalanka,Away,v New Zealand, New Zealand,0,0,2025-01-11,21,2,62,20250111,5,20250111,0.0,-5.0,0,1,0.46925943417924393,-0.37900666717981946,2.1601392603528535,9,0.994379058575,0.005263095770747439,0.00035784561515762517
KIC Asalanka,Home,v Australia, Australia,0,127,2025-02-12,21,31,63,20250212,2,20250212,4.852030263919617,-2.0,1,0,1.224682244240404,-0.03714378870064831,2.21578394752258,9,0.09235933972432213,0.23904188067516274,0.6685987794590025
KIC Asalanka,Home,v Australia, Australia,1,78,2025-02-14,21,1,64,20250214,2,20250214,4.3694478524670215,-2.0,1,0,1.224682244240404,-0.3907950422997909,2.271428634692306,9,0.07102321124981638,0.2511236825840383,0.6778531060717501
KIC Asalanka,Home,v Bangladesh, Bangladesh,0,106,2025-07-02,21,137,65,20250702,10,20250702,4.672828834461906,-10.0,1,0,-0.7897785825893563,1.2124239740163223,2.327073321862032,9,0.0593215821092752,0.2583619989890195,0.6823164189723775
KIC Asalanka,Home,v Bangladesh, Bangladesh,0,6,2025-07-05,21,2,66,20250705,9,20250705,1.9459101490553132,-9.0,1,0,-0.5379709792356362,-0.37900666717981946,2.3827180090317586,9,0.9099674144025001,0.078715731559029,0.011316853971836367
KIC Asalanka,Home,v Bangladesh, Bangladesh,0,58,2025-07-08,21,2,67,20250708,9,20250708,4.07753744390572,-9.0,1,0,-0.5379709792356362,-0.37900666717981946,2.4383626962014846,9,0.1580515294116335,0.35576636491345,0.486182105775399
KIC Asalanka,Away,v Zimbabwe, Zimbabwe,0,6,2025-08-29,21,51,68,20250829,11,20250829,1.9459101490553132,-11.0,0,1,-1.0415861859430764,0.1986237136987801,2.4940073833712106,9,0.8595321484475,0.12425379055817001,0.01621406095890883
KIC Asalanka,Away,v Zimbabwe, Zimbabwe,0,71,2025-08-31,21,1,69,20250831,11,20250831,4.276666119016055,-11.0,0,1,-1.0415861859430764,-0.3907950422997909,2.549652070540937,9,0.09850348830347776,0.316846632253275,0.5846498794053883
KIC Asalanka,Away,v Pakistan, Pakistan,0,32,2025-11-11,21,71,70,20251111,4,20251111,3.4965075614664802,-4.0,0,1,0.721067037532964,0.43439121609820847,2.605296757710663,9,0.13377764393411273,0.410371359867625,0.45585099604053037
KIC Asalanka,Away,v Pakistan, Pakistan,0,6,2025-11-14,21,2,71,20251114,4,20251114,1.9459101490553132,-4.0,0,1,0.721067037532964,-0.37900666717981946,2.660941444880389,9,0.7660725413212499,0.203058856685065,0.030868602045745187
M Theekshana,Home,v Zimbabwe, Zimbabwe,1,4,2022-01-18,28,132,1,20220118,14,20220118,1.6094379124341003,-14.0,1,0,-1.7970089960042364,1.153482098416465,-1.2341866570004438,10,0.12508794903255,0.7009963810149998,0.173915669898425
M Theekshana,Home,v Zimbabwe, Zimbabwe,1,1,2022-01-21,28,2,2,20220121,14,20220121,0.6931471805599453,-14.0,1,0,-1.7970089960042364,-0.37900666717981946,-1.1785419698307178,10,0.25022333221549997,0.4856565966975,0.26412007102199997
M Theekshana,Home,v Australia, Australia,1,11,2022-06-16,28,145,3,20220616,4,20220616,2.4849066497880004,-4.0,1,0,0.721067037532964,1.3067309749760936,-1.1228972826609915,10,0.100258554962885,0.473729737689,0.426011707392
M Theekshana,Home,v Australia, Australia,0,0,2022-06-21,28,4,4,20220621,5,20220621,0.0,-5.0,1,0,0.46925943417924393,-0.35542991693987663,-1.0672525954912653,10,0.97681714222,0.021848066413252223,0.0013347913299108537
M Theekshana,Home,v Australia, Australia,1,2,2022-06-24,28,2,5,20220624,5,20220624,1.0986122886681096,-5.0,1,0,0.46925943417924393,-0.37900666717981946,-1.011607908321539,10,0.40016396120075,0.257946999330825,0.34188903949273003
M Theekshana,Home,v Afghanistan, Afghanistan,0,3,2022-11-25,28,153,6,20221125,9,20221125,1.3862943611198906,-9.0,1,0,-0.5379709792356362,1.4010379759358649,-0.955963221151813,10,0.9070147350475001,0.08182019501707251,0.011165069923505636
M Theekshana,Neutral,v Ireland, Ireland,0,0,2023-06-25,28,211,7,20230625,13,20230625,0.0,-13.0,0,0,-1.5452013926505164,2.0847637328942072,-0.9003185339820867,10,0.99190785454,0.007614893149359135,0.0004772523113014885
M Theekshana,Neutral,v Scotland, Scotland,1,16,2023-06-27,28,1,8,20230627,12,20230627,2.833213344056216,-12.0,0,0,-1.2933937892967964,-0.3907950422997909,-0.8446738468123606,10,0.17359017524170003,0.301917901895375,0.5244919228665825
M Theekshana,Neutral,v Netherlands, Netherlands,0,28,2023-06-30,28,2,9,20230630,15,20230630,3.367295829986474,-15.0,0,0,-2.0488165993579566,-0.37900666717981946,-0.7890291596426343,10,0.183725599655975,0.437170243998125,0.37910415627478045
M Theekshana,Neutral,v Netherlands, Netherlands,0,13,2023-07-09,28,8,10,20230709,14,20230709,2.639057329615259,-14.0,0,0,-1.7970089960042364,-0.308276416459991,-0.7333844724729082,10,0.40493643687875,0.4560399514955,0.1390236116232925
M Theekshana,Neutral,v Afghanistan, Afghanistan,0,28,2023-09-05,28,57,11,20230905,9,20230905,3.367295829986474,-9.0,0,0,-0.5379709792356362,0.2693539644186086,-0.677739785303182,10,0.11510760691164251,0.49495629287090004,0.38993610023898245
M Theekshana,Home,v Bangladesh, Bangladesh,0,2,2023-09-09,28,3,12,20230909,7,20230909,1.0986122886681096,-7.0,1,0,-0.034355772528196146,-0.3672182920598481,-0.6220950981334558,10,0.9190459063675,0.074995212547341,0.005958881015596832
M Theekshana,Home,v India, India,0,2,2023-09-12,28,2,13,20230912,3,20230912,1.0986122886681096,-3.0,1,0,0.972874640886684,-0.37900666717981946,-0.5664504109637296,10,0.9464558245675,0.04772308894036201,0.005821086462284327
M Theekshana,Neutral,v Pakistan, Pakistan,0,0,2023-10-10,28,27,14,20231010,2,20231010,0.0,-2.0,0,0,1.224682244240404,-0.08429728918053399,-0.5108057237940034,10,0.9901272825999999,0.009192503592279955,0.0006802137485124416
M Theekshana,Neutral,v Australia, Australia,0,0,2023-10-16,28,5,15,20231016,4,20231016,0.0,-4.0,0,0,0.721067037532964,-0.3436415418199052,-0.4551610366242772,10,0.9929712889675001,0.006474471940514688,0.0005542390030017322
M Theekshana,Neutral,v Afghanistan, Afghanistan,0,29,2023-10-30,28,13,16,20231030,9,20231030,3.4011973816621555,-9.0,0,0,-0.5379709792356362,-0.24933454086013387,-0.399516349454551,10,0.1809423848526,0.33690336971714996,0.48215424552677344
M Theekshana,Away,v India, India,1,12,2023-11-02,28,2,17,20231102,1,20231102,2.5649493574615367,-1.0,0,1,1.4764898475941242,-0.37900666717981946,-0.3438716622848248,10,0.1025132063551575,0.35522609774167496,0.5422606958138501
M Theekshana,Neutral,v Bangladesh, Bangladesh,0,21,2023-11-06,28,3,18,20231106,8,20231106,3.091042453358316,-8.0,0,0,-0.2861633758819162,-0.3672182920598481,-0.2882269751150986,10,0.17314559391974252,0.46913876728862497,0.35771563883869906
M Theekshana,Neutral,v New Zealand, New Zealand,1,38,2023-11-09,28,2,19,20231109,5,20231109,3.6635616461296463,-5.0,0,0,0.46925943417924393,-0.37900666717981946,-0.23258228794537242,10,0.063827605231958,0.35021724368700996,0.585955151051
M Theekshana,Home,v Zimbabwe, Zimbabwe,0,10,2024-01-06,28,57,20,20240106,11,20240106,2.3978952727983707,-11.0,1,0,-1.0415861859430764,0.2693539644186086,-0.17693760077564624,10,0.5392368893125,0.36020130871785,0.10056180194960032
M Theekshana,Home,v Zimbabwe, Zimbabwe,0,18,2024-01-08,28,1,21,20240108,11,20240108,2.9444389791664403,-11.0,1,0,-1.0415861859430764,-0.3907950422997909,-0.12129291360592004,10,0.301361325026525,0.5030030115187499,0.1956356633223142
M Theekshana,Away,v Bangladesh, Bangladesh,0,1,2024-03-13,28,64,22,20240313,8,20240110,0.6931471805599453,-8.0,0,1,-0.2861633758819162,0.35187259025840856,-0.06564822643619385,10,0.9323041319200001,0.06355541074224787,0.004140457353366665
M Theekshana,Away,v Bangladesh, Bangladesh,0,15,2024-03-18,28,4,23,20240318,8,20240110,2.772588722239781,-8.0,0,1,-0.2861633758819162,-0.35542991693987663,-0.010003539266467654,10,0.30221717067225,0.39509671644275,0.30268611289306296
M Theekshana,Home,v India, India,1,3,2024-08-07,28,141,24,20240807,1,20240807,1.3862943611198906,-1.0,1,0,1.4764898475941242,1.2595774744962078,0.04564114790325854,10,0.254282652474125,0.39484297782249994,0.350874369684425
M Theekshana,Home,v New Zealand, New Zealand,1,27,2024-11-17,28,101,25,20241117,5,20241117,3.332204510175204,-5.0,1,0,0.46925943417924393,0.788042469697351,0.10128583507298473,10,0.07810675885668075,0.364383711933785,0.55750952915925
M Theekshana,Away,v New Zealand, New Zealand,0,6,2025-01-08,28,51,26,20250108,5,20250108,1.9459101490553132,-5.0,0,1,0.46925943417924393,0.1986237136987801,0.15693052224271092,10,0.51986940936625,0.37611157826124997,0.10401901234980894
M Theekshana,Away,v New Zealand, New Zealand,1,11,2025-01-11,28,2,27,20250111,5,20250111,2.4849066497880004,-5.0,0,1,0.46925943417924393,-0.37900666717981946,0.21257520941243713,10,0.12144682906747752,0.43105687479575,0.44749629610275005
M Theekshana,Home,v Australia, Australia,0,2,2025-02-12,28,31,28,20250212,2,20250212,1.0986122886681096,-2.0,1,0,1.224682244240404,-0.03714378870064831,0.26821989658216333,10,0.8975529339474999,0.09337955556609176,0.009067510471721328
M Theekshana,Home,v Bangladesh, Bangladesh,0,1,2025-07-02,28,139,29,20250702,10,20250702,0.6931471805599453,-10.0,1,0,-0.7897785825893563,1.236000724256265,0.3238645837518895,10,0.9808896217525,0.017850617363198623,0.0012597609116482848
M Theekshana,Home,v Bangladesh, Bangladesh,0,2,2025-07-05,28,2,30,20250705,9,20250705,1.0986122886681096,-9.0,1,0,-0.5379709792356362,-0.37900666717981946,0.3795092709216157,10,0.9756790816925,0.02177369317905815,0.002547225139470668
M Theekshana,Away,v Pakistan, Pakistan,1,21,2025-11-11,28,128,31,20251111,4,20251111,3.091042453358316,-4.0,0,1,0.721067037532964,1.1063285979365793,0.4351539580913419,10,0.11175799955358251,0.2745258776594925,0.613716122796125
M Theekshana,Away,v Pakistan, Pakistan,0,7,2025-11-16,28,4,32,20251116,4,20251116,2.0794415416798357,-4.0,0,1,0.721067037532964,-0.35542991693987663,0.4907986452610681,10,0.50798441340675,0.35649857276325,0.1355170138454216
MD Shanaka,Away,v Bangladesh, Bangladesh,0,14,2021-05-23,31,69,1,20210523,7,20210523,2.70805020110221,-7.0,0,1,-0.034355772528196146,0.41081446585826564,-1.2341866570004438,11,0.07862108403706751,0.7933117307925,0.12806718517487137
MD Shanaka,Away,v Bangladesh, Bangladesh,0,11,2021-05-25,31,1,2,20210525,7,20210525,2.4849066497880004,-7.0,0,1,-0.034355772528196146,-0.3907950422997909,-1.1785419698307178,11,0.16243957972002498,0.6822620429424999,0.15529837734208007
MD Shanaka,Away,v England, England,0,1,2021-06-29,31,34,3,20210629,4,20210629,0.6931471805599453,-4.0,0,1,0.721067037532964,-0.0017786633407340451,-1.1228972826609915,11,0.86843711283,0.1239522155763845,0.007610671574949887
MD Shanaka,Away,v England, England,0,47,2021-07-01,31,1,4,20210701,3,20210701,3.8712010109078907,-3.0,0,1,0.972874640886684,-0.3907950422997909,-1.0672525954912653,11,0.0786791227806855,0.29384332398066926,0.627477553264975
MD Shanaka,Away,v England, England,1,48,2021-07-04,31,2,5,20210704,3,20210704,3.8918202981106265,-3.0,0,1,0.972874640886684,-0.37900666717981946,-1.011607908321539,11,0.07218471062422499,0.27922062211859666,0.648594667212725
MD Shanaka,Home,v India, India,0,39,2021-07-18,31,13,6,20210718,4,20210718,3.6888794541139363,-4.0,1,0,0.721067037532964,-0.24933454086013387,-0.955963221151813,11,0.07204490501346625,0.3149361214397208,0.6130189735123935
MD Shanaka,Home,v India, India,0,16,2021-07-20,31,1,7,20210720,4,20210720,2.833213344056216,-4.0,1,0,0.721067037532964,-0.3907950422997909,-0.9003185339820867,11,0.230787207968865,0.470679783636,0.298533008224706
MD Shanaka,Home,v India, India,0,0,2021-07-23,31,2,8,20210723,4,20210723,0.0,-4.0,1,0,0.721067037532964,-0.37900666717981946,-0.8446738468123606,11,0.9791749171349999,0.01945310636628467,0.0013719765898693183
MD Shanaka,Home,v South Africa, South Africa,0,6,2021-09-02,31,40,9,20210902,5,20210902,1.9459101490553132,-5.0,1,0,0.46925943417924393,0.06895158737909447,-0.7890291596426343,11,0.7855200012075,0.16557842618739999,0.04890157262010922
MD Shanaka,Home,v South Africa, South Africa,0,30,2021-09-04,31,1,10,20210904,5,20210904,3.4339872044851463,-5.0,1,0,0.46925943417924393,-0.3907950422997909,-0.7333844724729082,11,0.14863896760901749,0.37699442712270004,0.47436660535138553
MD Shanaka,Home,v South Africa, South Africa,0,13,2021-09-07,31,2,11,20210907,5,20210907,2.639057329615259,-5.0,1,0,0.46925943417924393,-0.37900666717981946,-0.677739785303182,11,0.332249336981975,0.47401645904725,0.1937342039964937
MD Shanaka,Home,v Zimbabwe, Zimbabwe,1,10,2022-01-16,31,130,12,20220116,14,20220116,2.3978952727983707,-14.0,1,0,-1.7970089960042364,1.1299053481765222,-0.6220950981334558,11,0.169434739340925,0.45856740601775003,0.371997854783375
MD Shanaka,Home,v Zimbabwe, Zimbabwe,0,102,2022-01-18,31,1,13,20220118,14,20220118,4.634728988229636,-14.0,1,0,-1.7970089960042364,-0.3907950422997909,-0.5664504109637296,11,0.056587956668978596,0.34141610273767503,0.6019959406966
MD Shanaka,Home,v Zimbabwe, Zimbabwe,0,15,2022-01-21,31,2,14,20220121,14,20220121,2.772588722239781,-14.0,1,0,-1.7970089960042364,-0.37900666717981946,-0.5108057237940034,11,0.423738447227375,0.430107613766,0.14615393903808116
MD Shanaka,Home,v Australia, Australia,0,6,2022-06-14,31,143,15,20220614,3,20220614,1.9459101490553132,-3.0,1,0,0.972874640886684,1.2831542247361507,-0.4551610366242772,11,0.5730943967900001,0.36089049634815,0.06601510683453943
MD Shanaka,Home,v Australia, Australia,0,34,2022-06-16,31,1,16,20220616,4,20220616,3.5553480614894135,-4.0,1,0,0.721067037532964,-0.3907950422997909,-0.399516349454551,11,0.10369281946807425,0.43702135440625,0.459285826119968
MD Shanaka,Home,v Australia, Australia,0,0,2022-06-19,31,2,17,20220619,5,20220619,0.0,-5.0,1,0,0.46925943417924393,-0.37900666717981946,-0.3438716622848248,11,0.9822512666275,0.01676977102413191,0.000978962417910398
MD Shanaka,Home,v Australia, Australia,0,4,2022-06-21,31,1,18,20220621,5,20220621,1.6094379124341003,-5.0,1,0,0.46925943417924393,-0.3907950422997909,-0.2882269751150986,11,0.9034652368049999,0.079814426247435,0.016720336972253107
MD Shanaka,Home,v Australia, Australia,0,1,2022-06-24,31,2,19,20220624,5,20220624,0.6931471805599453,-5.0,1,0,0.46925943417924393,-0.37900666717981946,-0.23258228794537242,11,0.9810257697025,0.017368328577806753,0.0016059017026999749
MD Shanaka,Home,v Afghanistan, Afghanistan,0,16,2022-11-25,31,153,20,20221125,9,20221125,2.833213344056216,-9.0,1,0,-0.5379709792356362,1.4010379759358649,-0.17693760077564624,11,0.412915961647925,0.351046524275875,0.23603751406026327
MD Shanaka,Home,v Afghanistan, Afghanistan,0,43,2022-11-30,31,4,21,20221130,9,20221130,3.784189633918261,-9.0,1,0,-0.5379709792356362,-0.35542991693987663,-0.12129291360592004,11,0.10480120627079874,0.393437112043225,0.5017616817278755
MD Shanaka,Away,v India, India,1,108,2023-01-10,31,40,22,20230110,5,20230110,4.6913478822291435,-5.0,0,1,0.46925943417924393,0.06895158737909447,-0.06564822643619385,11,0.12376798497964751,0.3365200318787853,0.5397119831172372
MD Shanaka,Away,v India, India,0,2,2023-01-12,31,1,23,20230112,4,20230112,1.0986122886681096,-4.0,0,1,0.721067037532964,-0.3907950422997909,-0.010003539266467654,11,0.856768576588,0.123454147335935,0.019777276053853803
MD Shanaka,Away,v India, India,0,11,2023-01-15,31,2,24,20230115,4,20230115,2.4849066497880004,-4.0,0,1,0.721067037532964,-0.37900666717981946,0.04564114790325854,11,0.35732673482322497,0.41349336782,0.2291798973405217
MD Shanaka,Away,v New Zealand, New Zealand,0,0,2023-03-25,31,68,25,20230325,3,20230325,0.0,-3.0,0,1,0.972874640886684,0.3990260907382942,0.10128583507298473,11,0.974367979645,0.024137754298387087,0.0014942660876947783
MD Shanaka,Away,v New Zealand, New Zealand,0,31,2023-03-31,31,5,26,20230331,2,20230331,3.4657359027997265,-2.0,0,1,1.224682244240404,-0.3436415418199052,0.15693052224271092,11,0.10883458963645751,0.2888703461291925,0.602295064187345
MD Shanaka,Home,v Afghanistan, Afghanistan,0,17,2023-06-02,31,62,27,20230602,8,20230602,2.8903717578961645,-8.0,1,0,-0.2861633758819162,0.32829584001846573,0.21257520941243713,11,0.310973604819875,0.44021799847224996,0.24880839665150353
MD Shanaka,Home,v Afghanistan, Afghanistan,0,23,2023-06-04,31,1,28,20230604,8,20230604,3.1780538303479458,-8.0,1,0,-0.2861633758819162,-0.3907950422997909,0.26821989658216333,11,0.18871877549385,0.52117596510275,0.29010525950777877
MD Shanaka,Neutral,v U.A.E., United Arab Emirates,0,1,2023-06-19,31,14,29,20230619,19,20230619,0.6931471805599453,-19.0,0,0,-3.056047012772837,-0.23754616574016243,0.3238645837518895,11,0.976270682745,0.022582058648358185,0.0011472586421406134
MD Shanaka,Neutral,v Ireland, Ireland,0,5,2023-06-25,31,5,30,20230625,13,20230625,1.791759469228055,-13.0,0,0,-1.5452013926505164,-0.3436415418199052,0.3795092709216157,11,0.91539645213,0.07099644858408999,0.01360709931175472
MD Shanaka,Neutral,v Scotland, Scotland,0,0,2023-06-27,31,1,31,20230627,12,20230627,0.0,-12.0,0,0,-1.2933937892967964,-0.3907950422997909,0.4351539580913419,11,0.99392169316,0.005707938287854808,0.00037036859884866195
MD Shanaka,Neutral,v Netherlands, Netherlands,0,5,2023-06-30,31,2,32,20230630,15,20230630,1.791759469228055,-15.0,0,0,-2.0488165993579566,-0.37900666717981946,0.4907986452610681,11,0.9338921625975001,0.055330748861915,0.01077708851599279
MD Shanaka,Neutral,v Netherlands, Netherlands,0,1,2023-07-09,31,8,33,20230709,14,20230709,0.6931471805599453,-14.0,0,0,-1.7970089960042364,-0.308276416459991,0.5464433324307942,11,0.9889987998,0.010149945169264327,0.000851255088198271
MD Shanaka,Home,v Bangladesh, Bangladesh,1,14,2023-08-31,31,52,34,20230831,7,20230831,2.70805020110221,-7.0,1,0,-0.034355772528196146,0.2104120888187515,0.6020880196005205,11,0.1903784102858,0.30358159357895,0.506039996174225
MD Shanaka,Neutral,v Afghanistan, Afghanistan,0,5,2023-09-05,31,4,35,20230905,9,20230905,1.791759469228055,-9.0,0,0,-0.5379709792356362,-0.35542991693987663,0.6577327067702466,11,0.83175796168,0.14350800168515,0.02473403660670982
MD Shanaka,Home,v Bangladesh, Bangladesh,0,24,2023-09-09,31,3,36,20230909,7,20230909,3.2188758248682006,-7.0,1,0,-0.034355772528196146,-0.3672182920598481,0.7133773939399729,11,0.245467606036625,0.4197856501235,0.3347467438214309
MD Shanaka,Home,v India, India,0,9,2023-09-12,31,2,37,20230912,3,20230912,2.302585092994046,-3.0,1,0,0.972874640886684,-0.37900666717981946,0.769022081109699,11,0.49767906227599995,0.40199163037569996,0.10032930741843046
MD Shanaka,Home,v Pakistan, Pakistan,0,2,2023-09-14,31,1,38,20230914,3,20230914,1.0986122886681096,-3.0,1,0,0.972874640886684,-0.3907950422997909,0.8246667682794252,11,0.9200112604149999,0.07451808274246184,0.005470656840101078
MD Shanaka,Home,v India, India,0,0,2023-09-17,31,2,39,20230917,2,20230917,0.0,-2.0,1,0,1.224682244240404,-0.37900666717981946,0.8803114554491515,11,0.9909340002575,0.008553609797850513,0.0005123899981944184
MD Shanaka,Neutral,v South Africa, South Africa,0,68,2023-10-07,31,19,40,20231007,4,20231007,4.23410650459726,-4.0,0,0,0.721067037532964,-0.17860429014030535,0.9359561426188776,11,0.09032777749144501,0.245219996578175,0.6644522260082499
MD Shanaka,Neutral,v Pakistan, Pakistan,0,12,2023-10-10,31,2,41,20231010,2,20231010,2.5649493574615367,-2.0,0,0,1.224682244240404,-0.37900666717981946,0.9916008297886039,11,0.36362212954334994,0.4097935186825,0.22658435179578315
MD Shanaka,Home,v Zimbabwe, Zimbabwe,0,8,2024-01-06,31,87,42,20240106,11,20240106,2.1972245773362196,-11.0,1,0,-1.0415861859430764,0.6230052180177512,1.04724551695833,11,0.6884871169555,0.265487220858075,0.046025662244430034
MD Shanaka,Home,v Zimbabwe, Zimbabwe,0,7,2024-01-08,31,1,43,20240108,11,20240108,2.0794415416798357,-11.0,1,0,-1.0415861859430764,-0.3907950422997909,1.1028902041280562,11,0.7865425597305,0.1866302016575325,0.026827238657202563
MDKJ Perera,Away,v Bangladesh, Bangladesh,0,14,2021-05-25,32,1,1,20210525,7,20210525,2.70805020110221,-7.0,0,1,-0.034355772528196146,-0.3907950422997909,-1.2341866570004438,12,0.1184068912470725,0.787011043245,0.09458206544864421
MDKJ Perera,Away,v Bangladesh, Bangladesh,0,120,2021-05-28,32,2,2,20210528,7,20210528,4.795790545596741,-7.0,0,1,-0.034355772528196146,-0.37900666717981946,-1.1785419698307178,12,0.04980622732583805,0.4423495362180505,0.5078442365415589
MDKJ Perera,Away,v England, England,0,73,2021-06-29,32,31,3,20210629,4,20210629,4.304065093204169,-4.0,0,1,0.721067037532964,-0.03714378870064831,-1.1228972826609915,12,0.04726675578570293,0.33799511692754297,0.6147381273595399
MDKJ Perera,Away,v England, England,0,0,2021-07-01,32,1,4,20210701,3,20210701,0.0,-3.0,0,1,0.972874640886684,-0.3907950422997909,-1.0672525954912653,12,0.97083704598,0.02607229862789319,0.0030906552696448493
MDKJ Perera,Away,v England, England,0,9,2021-07-04,32,2,5,20210704,3,20210704,2.302585092994046,-3.0,0,1,0.972874640886684,-0.37900666717981946,-1.011607908321539,12,0.5488486499028999,0.3093047807104,0.1418465692699046
MDKJ Perera,Home,v Pakistan, Pakistan,0,17,2023-09-14,32,801,6,20230914,3,20230914,2.8903717578961645,-3.0,1,0,0.972874640886684,9.039905053677346,-0.955963221151813,12,0.22334132128294373,0.418429086222025,0.358229592556616
MDKJ Perera,Home,v India, India,0,0,2023-09-17,32,2,7,20230917,2,20230917,0.0,-2.0,1,0,1.224682244240404,-0.37900666717981946,-0.9003185339820867,12,0.98512582008,0.014059597581673694,0.000814582284989373
MDKJ Perera,Neutral,v South Africa, South Africa,0,7,2023-10-07,32,19,8,20231007,4,20231007,2.0794415416798357,-4.0,0,0,0.721067037532964,-0.17860429014030535,-0.8446738468123606,12,0.7751262935977501,0.17398701056655,0.05088669588040982
MDKJ Perera,Neutral,v Pakistan, Pakistan,0,0,2023-10-10,32,2,9,20231010,2,20231010,0.0,-2.0,0,0,1.224682244240404,-0.37900666717981946,-0.7890291596426343,12,0.990568489915,0.008856424338142642,0.0005750857094296376
MDKJ Perera,Neutral,v Australia, Australia,0,78,2023-10-16,32,5,10,20231016,4,20231016,4.3694478524670215,-4.0,0,0,0.721067037532964,-0.3436415418199052,-0.7333844724729082,12,0.08963881200406476,0.24395752376981727,0.66640366424095
MDKJ Perera,Neutral,v Netherlands, Netherlands,0,5,2023-10-21,32,4,11,20231021,14,20231021,1.791759469228055,-14.0,0,0,-1.7970089960042364,-0.35542991693987663,-0.677739785303182,12,0.9126170797325,0.07611693183854851,0.011265988429469126
MDKJ Perera,Neutral,v England, England,0,4,2023-10-26,32,4,12,20231026,6,20231026,1.6094379124341003,-6.0,0,0,0.21745183082552388,-0.35542991693987663,-0.6220950981334558,12,0.91587439608,0.072883658268205,0.011241945549412428
MDKJ Perera,Neutral,v Bangladesh, Bangladesh,0,4,2023-11-06,32,10,13,20231106,8,20231106,1.6094379124341003,-8.0,0,0,-0.2861633758819162,-0.2846996662200481,-0.5664504109637296,12,0.9297678481,0.061417308972682744,0.008814842879488275
MDKJ Perera,Neutral,v New Zealand, New Zealand,0,51,2023-11-09,32,2,14,20231109,5,20231109,3.9512437185814275,-5.0,0,0,0.46925943417924393,-0.37900666717981946,-0.5108057237940034,12,0.10588152962851276,0.2942271799404875,0.5998912904284036
P Nissanka,Away,v West Indies, West Indies,0,10,2021-03-12,38,1,1,20210312,9,20210312,2.3978952727983707,-9.0,0,1,-0.5379709792356362,-0.3907950422997909,-1.2341866570004438,13,0.23040876660085002,0.712434249185975,0.057156984172164735
P Nissanka,Away,v West Indies, West Indies,0,24,2021-03-14,38,1,2,20210314,9,20210314,3.2188758248682006,-9.0,0,1,-0.5379709792356362,-0.3907950422997909,-1.1785419698307178,13,0.10803973411631751,0.64721111347075,0.24474915238921474
P Nissanka,Away,v Bangladesh, Bangladesh,0,8,2021-05-23,38,69,3,20210523,7,20210523,2.1972245773362196,-7.0,0,1,-0.034355772528196146,0.41081446585826564,-1.1228972826609915,13,0.41150660048509996,0.5112259478602,0.0772674517005882
P Nissanka,Away,v Bangladesh, Bangladesh,0,20,2021-05-25,38,1,4,20210525,7,20210525,3.044522437723423,-7.0,0,1,-0.034355772528196146,-0.3907950422997909,-1.0672525954912653,13,0.16464504101134747,0.594434231599,0.24092072730588557
P Nissanka,Away,v Bangladesh, Bangladesh,0,0,2021-05-28,38,2,5,20210528,7,20210528,0.0,-7.0,0,1,-0.034355772528196146,-0.37900666717981946,-1.011607908321539,13,0.9755488500199999,0.02342736725566986,0.0010237826394860964
P Nissanka,Away,v England, England,0,5,2021-06-29,38,31,6,20210629,4,20210629,1.791759469228055,-4.0,0,1,0.721067037532964,-0.03714378870064831,-0.955963221151813,13,0.8127375893905,0.14935479835874998,0.03790761222924871
P Nissanka,Away,v England, England,0,5,2021-07-01,38,1,7,20210701,3,20210701,1.791759469228055,-3.0,0,1,0.972874640886684,-0.3907950422997909,-0.9003185339820867,13,0.77100351137425,0.18864362246737,0.04035286630332867
P Nissanka,Away,v England, England,0,6,2021-07-04,38,2,8,20210704,3,20210704,1.9459101490553132,-3.0,0,1,0.972874640886684,-0.37900666717981946,-0.8446738468123606,13,0.69156095670175,0.25188311774425,0.05655592557111753
P Nissanka,Home,v Zimbabwe, Zimbabwe,0,75,2022-01-16,38,195,9,20220116,14,20220116,4.330733340286331,-14.0,1,0,-1.7970089960042364,1.8961497309746647,-0.7890291596426343,13,0.09099483475737626,0.341916067546775,0.567089097730681
P Nissanka,Home,v Zimbabwe, Zimbabwe,0,16,2022-01-18,38,1,10,20220118,14,20220118,2.833213344056216,-14.0,1,0,-1.7970089960042364,-0.3907950422997909,-0.7333844724729082,13,0.5436249876995001,0.3633666700197,0.09300834240494221
P Nissanka,Home,v Zimbabwe, Zimbabwe,0,55,2022-01-21,38,2,11,20220121,14,20220121,4.02535169073515,-14.0,1,0,-1.7970089960042364,-0.37900666717981946,-0.677739785303182,13,0.12019908858393225,0.451846469522225,0.42795444186783504
P Nissanka,Home,v Australia, Australia,0,56,2022-06-14,38,143,12,20220614,3,20220614,4.04305126783455,-3.0,1,0,0.972874640886684,1.2831542247361507,-0.6220950981334558,13,0.06130054483931175,0.3643510355311675,0.5743484196557527
P Nissanka,Home,v Australia, Australia,0,14,2022-06-16,38,1,13,20220616,4,20220616,2.70805020110221,-4.0,1,0,0.721067037532964,-0.3907950422997909,-0.5664504109637296,13,0.39664489483279997,0.45449555645175,0.14885954864003975
P Nissanka,Home,v Australia, Australia,0,137,2022-06-19,38,2,14,20220619,5,20220619,4.927253685157205,-5.0,1,0,0.46925943417924393,-0.37900666717981946,-0.5108057237940034,13,0.06657206614246373,0.349733753505368,0.583694180320571
P Nissanka,Home,v Australia, Australia,0,13,2022-06-21,38,1,15,20220621,5,20220621,2.639057329615259,-5.0,1,0,0.46925943417924393,-0.3907950422997909,-0.4551610366242772,13,0.4527978461501,0.422928808863075,0.12427334496543228
P Nissanka,Home,v Australia, Australia,0,2,2022-06-24,38,2,16,20220624,5,20220624,1.0986122886681096,-5.0,1,0,0.46925943417924393,-0.37900666717981946,-0.399516349454551,13,0.94132528751,0.05467974780867368,0.003994964606346135
P Nissanka,Home,v Afghanistan, Afghanistan,0,85,2022-11-25,38,153,17,20221125,9,20221125,4.454347296253507,-9.0,1,0,-0.5379709792356362,1.4010379759358649,-0.3438716622848248,13,0.0859643616074425,0.27023762240509624,0.6437980160130076
P Nissanka,Home,v Afghanistan, Afghanistan,1,3,2022-11-27,38,1,18,20221127,9,20221127,1.3862943611198906,-9.0,1,0,-0.5379709792356362,-0.3907950422997909,-0.2882269751150986,13,0.33468687399925,0.30133556825849994,0.36397755774935003
P Nissanka,Home,v Afghanistan, Afghanistan,0,35,2022-11-30,38,2,19,20221130,9,20221130,3.58351893845611,-9.0,1,0,-0.5379709792356362,-0.37900666717981946,-0.23258228794537242,13,0.172824464381225,0.45393940830350005,0.37323612740126283
P Nissanka,Away,v India, India,0,72,2023-01-10,38,40,20,20230110,5,20230110,4.290459441148391,-5.0,0,1,0.46925943417924393,0.06895158737909447,-0.17693760077564624,13,0.05440177980756781,0.3259376518931813,0.61966056834545
P Nissanka,Away,v New Zealand, New Zealand,0,9,2023-03-25,38,73,21,20230325,3,20230325,2.302585092994046,-3.0,0,1,0.972874640886684,0.45796796633815134,-0.12129291360592004,13,0.44156804883182504,0.41895065866375003,0.1394812924770194
P Nissanka,Away,v New Zealand, New Zealand,0,57,2023-03-31,38,5,22,20230331,2,20230331,4.060443010546419,-2.0,0,1,1.224682244240404,-0.3436415418199052,-0.06564822643619385,13,0.060775561091445655,0.35042172010670475,0.5888027187236999
P Nissanka,Home,v Afghanistan, Afghanistan,0,38,2023-06-02,38,62,23,20230602,8,20230602,3.6635616461296463,-8.0,1,0,-0.2861633758819162,0.32829584001846573,-0.010003539266467654,13,0.128406298210456,0.444043216172725,0.42755048567223936
P Nissanka,Home,v Afghanistan, Afghanistan,0,43,2023-06-04,38,1,24,20230604,8,20230604,3.784189633918261,-8.0,1,0,-0.2861633758819162,-0.3907950422997909,0.04564114790325854,13,0.10345865059360025,0.46626347791225,0.4302778715045939
P Nissanka,Home,v Afghanistan, Afghanistan,0,51,2023-06-07,38,2,25,20230607,9,20230607,3.9512437185814275,-9.0,1,0,-0.5379709792356362,-0.37900666717981946,0.10128583507298473,13,0.08434587643344801,0.4492430369369,0.4664110865918374
P Nissanka,Neutral,v U.A.E., United Arab Emirates,0,57,2023-06-19,38,11,26,20230619,19,20230619,4.060443010546419,-19.0,0,0,-3.056047012772837,-0.2729112911000767,0.15693052224271092,13,0.1068526062401625,0.47978049455475,0.41336689926572323
P Nissanka,Neutral,v Oman, Oman,1,37,2023-06-23,38,3,27,20230623,18,20230623,3.6375861597263857,-18.0,0,0,-2.8042394094191168,-0.3672182920598481,0.21257520941243713,13,0.08346842075696,0.42627914946227496,0.49025242979947503
P Nissanka,Neutral,v Ireland, Ireland,0,20,2023-06-25,38,1,28,20230625,13,20230625,3.044522437723423,-13.0,0,0,-1.5452013926505164,-0.3907950422997909,0.26821989658216333,13,0.346706247049275,0.49840867444775,0.15488507848922928
P Nissanka,Neutral,v Scotland, Scotland,0,75,2023-06-27,38,1,29,20230627,12,20230627,4.330733340286331,-12.0,0,0,-1.2933937892967964,-0.3907950422997909,0.3238645837518895,13,0.0642150728123155,0.4167133019584125,0.519071625181934
P Nissanka,Neutral,v Netherlands, Netherlands,0,0,2023-06-30,38,2,30,20230630,15,20230630,0.0,-15.0,0,0,-2.0488165993579566,-0.37900666717981946,0.3795092709216157,13,0.9885697482549999,0.010686232241248731,0.0007440195722076637
P Nissanka,Away,v Zimbabwe, Zimbabwe,1,101,2023-07-02,38,1,31,20230702,11,20230702,4.624972813284271,-11.0,0,1,-1.0415861859430764,-0.3907950422997909,0.4351539580913419,13,0.11422697360055767,0.24857010206091518,0.6372029243506255
P Nissanka,Neutral,v West Indies, West Indies,0,104,2023-07-07,38,4,32,20230707,10,20230707,4.653960350157523,-10.0,0,0,-0.7897785825893563,-0.35542991693987663,0.4907986452610681,13,0.06140635542180197,0.25370119231986327,0.6848924522073501
P Nissanka,Neutral,v Netherlands, Netherlands,0,23,2023-07-09,38,1,33,20230709,14,20230709,3.1780538303479458,-14.0,0,0,-1.7970089960042364,-0.3907950422997909,0.5464433324307942,13,0.38264651522027504,0.4189511395075,0.19840234527160508
P Nissanka,Home,v Bangladesh, Bangladesh,0,14,2023-08-31,38,52,34,20230831,7,20230831,2.70805020110221,-7.0,1,0,-0.034355772528196146,0.2104120888187515,0.6020880196005205,13,0.46881439673862496,0.4321097785015,0.09907582484185606
P Nissanka,Neutral,v Afghanistan, Afghanistan,0,41,2023-09-05,38,4,35,20230905,9,20230905,3.7376696182833684,-9.0,0,0,-0.5379709792356362,-0.35542991693987663,0.6577327067702466,13,0.12303948297278251,0.50007108301375,0.376889434033907
P Nissanka,Home,v Bangladesh, Bangladesh,0,40,2023-09-09,38,3,36,20230909,7,20230909,3.713572066704308,-7.0,1,0,-0.034355772528196146,-0.3672182920598481,0.7133773939399729,13,0.11425529990255225,0.5109999915697501,0.3747447085088021
P Nissanka,Home,v India, India,0,6,2023-09-12,38,2,37,20230912,3,20230912,1.9459101490553132,-3.0,1,0,0.972874640886684,-0.37900666717981946,0.769022081109699,13,0.7495371508095,0.22396055227682002,0.026502296897302127
P Nissanka,Home,v Pakistan, Pakistan,0,29,2023-09-14,38,1,38,20230914,3,20230914,3.4011973816621555,-3.0,1,0,0.972874640886684,-0.3907950422997909,0.8246667682794252,13,0.20222048618815,0.4670031285765,0.3307763851829847
P Nissanka,Home,v India, India,0,2,2023-09-17,38,2,39,20230917,2,20230917,1.0986122886681096,-2.0,1,0,1.224682244240404,-0.37900666717981946,0.8803114554491515,13,0.9436923962075,0.052837048366375795,0.0034705554541693217
P Nissanka,Neutral,v South Africa, South Africa,0,0,2023-10-07,38,19,40,20231007,4,20231007,0.0,-4.0,0,0,0.721067037532964,-0.17860429014030535,0.9359561426188776,13,0.99353320993,0.00610171310312003,0.00036507693653114857
P Nissanka,Neutral,v Pakistan, Pakistan,0,51,2023-10-10,38,2,41,20231010,2,20231010,3.9512437185814275,-2.0,0,0,1.224682244240404,-0.37900666717981946,0.9916008297886039,13,0.10992211203656126,0.278312925973985,0.6117649619816521
P Nissanka,Neutral,v Australia, Australia,0,61,2023-10-16,38,5,42,20231016,4,20231016,4.127134385045092,-4.0,0,0,0.721067037532964,-0.3436415418199052,1.04724551695833,13,0.07055096525459563,0.29132262703884,0.638126407642645
P Nissanka,Neutral,v Netherlands, Netherlands,0,54,2023-10-21,38,4,43,20231021,14,20231021,4.007333185232471,-14.0,0,0,-1.7970089960042364,-0.35542991693987663,1.1028902041280562,13,0.115301073255215,0.38209113889144997,0.5026077877962365
P Nissanka,Neutral,v England, England,1,77,2023-10-26,38,4,44,20231026,6,20231026,4.356708826689592,-6.0,0,0,0.21745183082552388,-0.35542991693987663,1.1585348912977824,13,0.06250857127064662,0.29494967946039047,0.6425417492862501
P Nissanka,Neutral,v Afghanistan, Afghanistan,0,46,2023-10-30,38,3,45,20231030,9,20231030,3.8501476017100584,-9.0,0,0,-0.5379709792356362,-0.3672182920598481,1.2141795784675087,13,0.1067271287325925,0.3831464613475,0.5101264099606707
P Nissanka,Away,v India, India,0,0,2023-11-02,38,2,46,20231102,1,20231102,0.0,-1.0,0,1,1.4764898475941242,-0.37900666717981946,1.2698242656372347,13,0.982137778995,0.01656192993391735,0.0013002910983827894
P Nissanka,Neutral,v Bangladesh, Bangladesh,0,41,2023-11-06,38,3,47,20231106,8,20231106,3.7376696182833684,-8.0,0,0,-0.2861633758819162,-0.3672182920598481,1.325468952806961,13,0.1850963017389075,0.34420805816085,0.4706956400552928
P Nissanka,Neutral,v New Zealand, New Zealand,0,2,2023-11-09,38,2,48,20231109,5,20231109,1.0986122886681096,-5.0,0,0,0.46925943417924393,-0.37900666717981946,1.3811136399766872,13,0.964008619115,0.0332774378128181,0.0027139431104981357
P Nissanka,Home,v Afghanistan, Afghanistan,1,210,2024-02-09,38,91,49,20240209,9,20240110,5.351858133476067,-9.0,1,0,-0.5379709792356362,0.6701587184976369,1.4367583271464133,13,0.15874211342609573,0.2719995708952027,0.5692583157346212
P Nissanka,Home,v Afghanistan, Afghanistan,0,18,2024-02-11,38,1,50,20240211,9,20240110,2.9444389791664403,-9.0,1,0,-0.5379709792356362,-0.3907950422997909,1.4924030143161395,13,0.4952477105303,0.3735303643113,0.1312219252293524
P Nissanka,Home,v Afghanistan, Afghanistan,0,118,2024-02-14,38,2,51,20240214,9,20240110,4.77912349311153,-9.0,1,0,-0.5379709792356362,-0.37900666717981946,1.5480477014858658,13,0.06609242359097062,0.331729936963009,0.602177639336275
P Nissanka,Away,v Bangladesh, Bangladesh,0,36,2024-03-13,38,27,52,20240313,8,20240110,3.6109179126442243,-8.0,0,1,-0.2861633758819162,-0.08429728918053399,1.6036923886555918,13,0.1140273275221565,0.412757506376925,0.4732151661042286
P Nissanka,Away,v Bangladesh, Bangladesh,0,114,2024-03-15,38,1,53,20240315,8,20240110,4.74493212836325,-8.0,0,1,-0.2861633758819162,-0.3907950422997909,1.659337075825318,13,0.055304309164601224,0.30746705152460685,0.6372286394359574
P Nissanka,Away,v Bangladesh, Bangladesh,0,1,2024-03-18,38,2,54,20240318,8,20240110,0.6931471805599453,-8.0,0,1,-0.2861633758819162,-0.37900666717981946,1.7149817629950443,13,0.97084364897,0.026597668214155195,0.0025586827760271554
P Nissanka,Home,v India, India,0,56,2024-08-02,38,136,55,20240802,1,20240802,4.04305126783455,-1.0,1,0,1.4764898475941242,1.2006355988963509,1.7706264501647706,13,0.10249899594973026,0.27954707447610755,0.6179539295767229
P Nissanka,Home,v India, India,0,0,2024-08-04,38,1,56,20240804,1,20240804,0.0,-1.0,1,0,1.4764898475941242,-0.3907950422997909,1.8262711373344964,13,0.9901671396199999,0.009216334520674973,0.0006165259171216781
P Nissanka,Home,v India, India,0,45,2024-08-07,38,2,57,20240807,1,20240807,3.828641396489095,-1.0,1,0,1.4764898475941242,-0.37900666717981946,1.8819158245042227,13,0.14117157890807774,0.30846699762049,0.5503614234480217
P Nissanka,Home,v West Indies, West Indies,0,56,2024-10-26,38,79,58,20241026,10,20241026,4.04305126783455,-10.0,1,0,-0.7897785825893563,0.5286982170579798,1.937560511673949,13,0.1122573391982365,0.376098878709825,0.511643781935803
P Nissanka,Home,v New Zealand, New Zealand,0,12,2024-11-13,38,17,59,20241113,5,20241113,2.5649493574615367,-5.0,1,0,0.46925943417924393,-0.20218104038024817,1.993205198843675,13,0.58871567977665,0.33499455143367507,0.0762897688337168
P Nissanka,Home,v New Zealand, New Zealand,0,28,2024-11-17,38,3,60,20241117,5,20241117,3.367295829986474,-5.0,1,0,0.46925943417924393,-0.3672182920598481,2.0488498860134015,13,0.237829116352555,0.50703245898,0.2551384246871453
P Nissanka,Away,v New Zealand, New Zealand,0,9,2025-01-05,38,48,61,20250105,5,20250105,2.302585092994046,-5.0,0,1,0.46925943417924393,0.16325858833886583,2.1044945731831275,13,0.5152743297778,0.4135056872925,0.07121998293061568
P Nissanka,Away,v New Zealand, New Zealand,0,1,2025-01-08,38,2,62,20250108,5,20250108,0.6931471805599453,-5.0,0,1,0.46925943417924393,-0.37900666717981946,2.1601392603528535,13,0.9649414272325,0.03347570541954507,0.0015828673077908579
P Nissanka,Away,v New Zealand, New Zealand,0,66,2025-01-11,38,2,63,20250111,5,20250111,4.204692619390966,-5.0,0,1,0.46925943417924393,-0.37900666717981946,2.21578394752258,13,0.090017798111128,0.2670814596639645,0.6429007422813999
P Nissanka,Home,v Australia, Australia,0,4,2025-02-12,38,31,64,20250212,2,20250212,1.6094379124341003,-2.0,1,0,1.224682244240404,-0.03714378870064831,2.271428634692306,13,0.9168950194750001,0.07359725077543651,0.009507729737943595
P Nissanka,Home,v Australia, Australia,0,6,2025-02-14,38,1,65,20250214,2,20250214,1.9459101490553132,-2.0,1,0,1.224682244240404,-0.3907950422997909,2.327073321862032,13,0.887126546435,0.09685636597171776,0.016017087532376885
P Nissanka,Home,v Bangladesh, Bangladesh,0,0,2025-07-02,38,137,66,20250702,10,20250702,0.0,-10.0,1,0,-0.7897785825893563,1.2124239740163223,2.3827180090317586,13,0.9946642770124999,0.005048764108016196,0.0002869588324951479
P Nissanka,Home,v Bangladesh, Bangladesh,0,5,2025-07-05,38,2,67,20250705,9,20250705,1.791759469228055,-9.0,1,0,-0.5379709792356362,-0.37900666717981946,2.4383626962014846,13,0.963823283675,0.0317474348261346,0.004429281431423895
P Nissanka,Home,v Bangladesh, Bangladesh,0,35,2025-07-08,38,2,68,20250708,9,20250708,3.58351893845611,-9.0,1,0,-0.5379709792356362,-0.37900666717981946,2.4940073833712106,13,0.30795217183704254,0.37037821497510004,0.32166961320992093
P Nissanka,Away,v Zimbabwe, Zimbabwe,0,76,2025-08-29,38,51,69,20250829,11,20250829,4.343805421853684,-11.0,0,1,-1.0415861859430764,0.1986237136987801,2.549652070540937,13,0.07261537165601308,0.3361338761379125,0.591250752264165
P Nissanka,Away,v Zimbabwe, Zimbabwe,0,122,2025-08-31,38,1,70,20250831,11,20250831,4.812184355372417,-11.0,0,1,-1.0415861859430764,-0.3907950422997909,2.605296757710663,13,0.05739686099849391,0.2826988606907315,0.6599042782830374
P Nissanka,Away,v Pakistan, Pakistan,0,29,2025-11-11,38,71,71,20251111,4,20251111,3.4011973816621555,-4.0,0,1,0.721067037532964,0.43439121609820847,2.660941444880389,13,0.13469300123080225,0.404635550614775,0.46067144808262817
P Nissanka,Away,v Pakistan, Pakistan,0,24,2025-11-14,38,2,72,20251114,4,20251114,3.2188758248682006,-4.0,0,1,0.721067037532964,-0.37900666717981946,2.7165861320501157,13,0.16788486752387252,0.49623819977350003,0.33587693265084717
P Nissanka,Away,v Pakistan, Pakistan,0,24,2025-11-16,38,1,73,20251116,4,20251116,3.2188758248682006,-4.0,0,1,0.721067037532964,-0.3907950422997909,2.7722308192198417,13,0.15398759402668,0.5424503049682501,0.3035621010320167
PHKD Mendis,Home,v South Africa, South Africa,0,16,2021-09-07,42,180,1,20210907,5,20210907,2.833213344056216,-5.0,1,0,0.46925943417924393,1.7193241041750933,-1.2341866570004438,14,0.11457361065137749,0.78978323555575,0.09564315383587087
PHKD Mendis,Home,v Zimbabwe, Zimbabwe,0,17,2022-01-16,42,130,2,20220116,14,20220116,2.8903717578961645,-14.0,1,0,-1.7970089960042364,1.1299053481765222,-1.1785419698307178,14,0.25637399519245,0.64380001758135,0.09982598726077763
PHKD Mendis,Home,v Zimbabwe, Zimbabwe,0,57,2022-01-18,42,1,3,20220118,14,20220118,4.060443010546419,-14.0,1,0,-1.7970089960042364,-0.3907950422997909,-1.1228972826609915,14,0.07089664843572925,0.541056773476025,0.3880465781021284
PHKD Mendis,Home,v Zimbabwe, Zimbabwe,0,11,2022-01-21,42,2,4,20220121,14,20220121,2.4849066497880004,-14.0,1,0,-1.7970089960042364,-0.37900666717981946,-1.0672525954912653,14,0.5839915351325,0.3646801826714775,0.051328282077986204
PHKD Mendis,Home,v India, India,0,40,2024-08-04,42,925,5,20240804,1,20240804,3.713572066704308,-1.0,1,0,1.4764898475941242,10.501663568553802,-1.011607908321539,14,0.08200999599956757,0.3744937461496551,0.5434962578082605
PHKD Mendis,Home,v India, India,1,23,2024-08-07,42,2,6,20240807,1,20240807,3.1780538303479458,-1.0,1,0,1.4764898475941242,-0.37900666717981946,-0.955963221151813,14,0.08078072560204799,0.3684317678763,0.55078750642375
PHKD Mendis,Home,v West Indies, West Indies,1,30,2024-10-20,42,73,7,20241020,10,20241020,3.4339872044851463,-10.0,1,0,-0.7897785825893563,0.45796796633815134,-0.9003185339820867,14,0.08042614939242401,0.3619862565408,0.5575875940152499
PHKD Mendis,Home,v West Indies, West Indies,1,11,2024-10-23,42,2,8,20241023,10,20241023,2.4849066497880004,-10.0,1,0,-0.7897785825893563,-0.37900666717981946,-0.8446738468123606,14,0.16410214709741752,0.39613188002024996,0.4397659729337499
PHKD Mendis,Home,v West Indies, West Indies,1,0,2024-10-26,42,2,9,20241026,10,20241026,0.0,-10.0,1,0,-0.7897785825893563,-0.37900666717981946,-0.7890291596426343,14,0.3575958267225,0.33639728642700006,0.30600688679075005
PHKD Mendis,Home,v New Zealand, New Zealand,0,0,2024-11-17,42,21,10,20241117,5,20241117,0.0,-5.0,1,0,0.46925943417924393,-0.1550275399003625,-0.7333844724729082,14,0.986552491495,0.012488431184424637,0.0009590773182055034
PHKD Mendis,Away,v New Zealand, New Zealand,0,3,2025-01-05,42,48,11,20250105,5,20250105,1.3862943611198906,-5.0,0,1,0.46925943417924393,0.16325858833886583,-0.677739785303182,14,0.9218523345925,0.06569818252816699,0.012449482876418309
PHKD Mendis,Away,v New Zealand, New Zealand,0,64,2025-01-08,42,2,12,20250108,5,20250108,4.174387269895637,-5.0,0,1,0.46925943417924393,-0.37900666717981946,-0.6220950981334558,14,0.085316268814613,0.25724945211795025,0.6574342791819999
PHKD Mendis,Away,v New Zealand, New Zealand,0,46,2025-01-11,42,2,13,20250111,5,20250111,3.8501476017100584,-5.0,0,1,0.46925943417924393,-0.37900666717981946,-0.5664504109637296,14,0.06813313319073527,0.279094702469305,0.652772164143095
PHKD Mendis,Home,v Australia, Australia,0,5,2025-02-12,42,31,14,20250212,2,20250212,1.791759469228055,-2.0,1,0,1.224682244240404,-0.03714378870064831,-0.5108057237940034,14,0.7996084332512501,0.16751270580443,0.032878860991643395
PHKD Mendis,Home,v Australia, Australia,0,4,2025-02-14,42,1,15,20250214,2,20250214,1.6094379124341003,-2.0,1,0,1.224682244240404,-0.3907950422997909,-0.4551610366242772,14,0.8818820845525001,0.103498698028967,0.014619217447376577
PHKD Mendis,Home,v Bangladesh, Bangladesh,0,0,2025-07-02,42,137,16,20250702,10,20250702,0.0,-10.0,1,0,-0.7897785825893563,1.2124239740163223,-0.399516349454551,14,0.99339313647,0.006225901350732249,0.00038096218066607687
PHKD Mendis,Home,v Bangladesh, Bangladesh,0,33,2025-07-05,42,2,17,20250705,9,20250705,3.5263605246161616,-9.0,1,0,-0.5379709792356362,-0.37900666717981946,-0.3438716622848248,14,0.24455847982683498,0.356406396866775,0.39903512333054325
PHKD Mendis,Home,v Bangladesh, Bangladesh,0,16,2025-07-08,42,2,18,20250708,9,20250708,2.833213344056216,-9.0,1,0,-0.5379709792356362,-0.37900666717981946,-0.2882269751150986,14,0.442931402271075,0.42121445578175004,0.13585414197335635
PHKD Mendis,Away,v Zimbabwe, Zimbabwe,0,57,2025-08-29,42,51,19,20250829,11,20250829,4.060443010546419,-11.0,0,1,-1.0415861859430764,0.1986237136987801,-0.23258228794537242,14,0.07229417284547675,0.374043309228925,0.5536625177992008
PHKD Mendis,Away,v Zimbabwe, Zimbabwe,1,5,2025-08-31,42,1,20,20250831,11,20250831,1.791759469228055,-11.0,0,1,-1.0415861859430764,-0.3907950422997909,-0.17693760077564624,14,0.23260002631865,0.3860231088355,0.38137686497562506
PHKD Mendis,Away,v Pakistan, Pakistan,0,9,2025-11-11,42,71,21,20251111,4,20251111,2.302585092994046,-4.0,0,1,0.721067037532964,0.43439121609820847,-0.12129291360592004,14,0.41835899552315003,0.45377425323075,0.1278667513040926
PHKD Mendis,Away,v Pakistan, Pakistan,0,44,2025-11-14,42,2,22,20251114,4,20251114,3.8066624897703196,-4.0,0,1,0.721067037532964,-0.37900666717981946,-0.06564822643619385,14,0.06892564839380197,0.39541756408438,0.5356567875049535
PHKD Mendis,Away,v Pakistan, Pakistan,0,10,2025-11-16,42,1,23,20251116,4,20251116,2.3978952727983707,-4.0,0,1,0.721067037532964,-0.3907950422997909,-0.010003539266467654,14,0.387632478132475,0.46975106157025004,0.14261646022571023
PVD Chameera,Away,v West Indies, West Indies,1,1,2021-03-12,43,1,1,20210312,9,20210312,0.6931471805599453,-9.0,0,1,-0.5379709792356362,-0.3907950422997909,-1.2341866570004438,15,0.151294210999075,0.6819100764875001,0.16679571252234998
PVD Chameera,Away,v Bangladesh, Bangladesh,0,5,2021-05-23,43,71,2,20210523,7,20210523,1.791759469228055,-7.0,0,1,-0.034355772528196146,0.43439121609820847,-1.1785419698307178,15,0.407240909203,0.513349849985,0.07940924078230419
PVD Chameera,Away,v Bangladesh, Bangladesh,1,4,2021-05-25,43,1,3,20210525,7,20210525,1.6094379124341003,-7.0,0,1,-0.034355772528196146,-0.3907950422997909,-1.1228972826609915,15,0.17130237316042501,0.5029917168555,0.32570591011472505
PVD Chameera,Away,v England, England,0,7,2021-06-29,43,34,4,20210629,4,20210629,2.0794415416798357,-4.0,0,1,0.721067037532964,-0.0017786633407340451,-1.0672525954912653,15,0.309240980239725,0.5386802104324999,0.15207880921080924
PVD Chameera,Away,v England, England,1,14,2021-07-01,43,1,5,20210701,3,20210701,2.70805020110221,-3.0,0,1,0.972874640886684,-0.3907950422997909,-1.011607908321539,15,0.07732077054675449,0.45560892485925003,0.46707030460000004
PVD Chameera,Away,v England, England,0,16,2021-07-04,43,2,6,20210704,3,20210704,2.833213344056216,-3.0,0,1,0.972874640886684,-0.37900666717981946,-0.955963221151813,15,0.11152939877257001,0.496293353743075,0.39217724739073934
PVD Chameera,Home,v India, India,0,13,2021-07-18,43,13,7,20210718,4,20210718,2.639057329615259,-4.0,1,0,0.721067037532964,-0.24933454086013387,-0.9003185339820867,15,0.21516413595852502,0.54869329356825,0.23614257038256295
PVD Chameera,Home,v India, India,0,2,2021-07-20,43,1,8,20210720,4,20210720,1.0986122886681096,-4.0,1,0,0.721067037532964,-0.3907950422997909,-0.8446738468123606,15,0.8609898361425,0.1270909749337125,0.011919188902140944
PVD Chameera,Home,v South Africa, South Africa,0,0,2021-09-02,43,43,9,20210902,5,20210902,0.0,-5.0,1,0,0.46925943417924393,0.10431671273900874,-0.7890291596426343,15,0.9865322774974999,0.012748260964634842,0.0007194615155115291
PVD Chameera,Home,v South Africa, South Africa,0,11,2021-09-04,43,1,10,20210904,5,20210904,2.4849066497880004,-5.0,1,0,0.46925943417924393,-0.3907950422997909,-0.7333844724729082,15,0.47836031328324996,0.320573187113975,0.20106649962554066
PVD Chameera,Home,v South Africa, South Africa,0,29,2021-09-07,43,2,11,20210907,5,20210907,3.4011973816621555,-5.0,1,0,0.46925943417924393,-0.37900666717981946,-0.677739785303182,15,0.1240941137299325,0.40420706896462505,0.4716988173556536
PVD Chameera,Home,v Zimbabwe, Zimbabwe,0,13,2022-01-18,43,132,12,20220118,14,20220118,2.639057329615259,-14.0,1,0,-1.7970089960042364,1.153482098416465,-0.6220950981334558,15,0.396630138939,0.44281591643725,0.16055394465160622
PVD Chameera,Home,v Zimbabwe, Zimbabwe,0,1,2022-01-21,43,2,13,20220121,14,20220121,0.6931471805599453,-14.0,1,0,-1.7970089960042364,-0.37900666717981946,-0.5664504109637296,15,0.96847758847,0.029847453602280177,0.001674957917894694
PVD Chameera,Home,v Australia, Australia,1,7,2022-06-16,43,145,14,20220616,4,20220616,2.0794415416798357,-4.0,1,0,0.721067037532964,1.3067309749760936,-0.5108057237940034,15,0.22606843352705,0.31197853889652505,0.461953027657225
PVD Chameera,Neutral,v Afghanistan, Afghanistan,0,1,2023-10-30,43,500,15,20231030,9,20231030,0.6931471805599453,-9.0,0,0,-0.5379709792356362,5.491604142565947,-0.4551610366242772,15,0.9399711142375,0.053442159579685275,0.006586726185639626
PVD Chameera,Away,v India, India,0,0,2023-11-02,43,2,16,20231102,1,20231102,0.0,-1.0,0,1,1.4764898475941242,-0.37900666717981946,-0.399516349454551,15,0.983849856915,0.01480137086239024,0.0013487720928195997
PVD Chameera,Neutral,v Bangladesh, Bangladesh,0,4,2023-11-06,43,3,17,20231106,8,20231106,1.6094379124341003,-8.0,0,0,-0.2861633758819162,-0.3672182920598481,-0.3438716622848248,15,0.8782128086150001,0.09660323975246,0.025183951665528552
PVD Chameera,Neutral,v New Zealand, New Zealand,0,1,2023-11-09,43,2,18,20231109,5,20231109,0.6931471805599453,-5.0,0,0,0.46925943417924393,-0.37900666717981946,-0.2882269751150986,15,0.9695634954075,0.02754843904237665,0.002888065626823415
PVD Chameera,Home,v Zimbabwe, Zimbabwe,0,18,2024-01-06,43,57,19,20240106,11,20240106,2.9444389791664403,-11.0,1,0,-1.0415861859430764,0.2693539644186086,-0.23258228794537242,15,0.366126361460075,0.35616737653130004,0.2777062620078116
PVD Chameera,Home,v Zimbabwe, Zimbabwe,1,18,2024-01-08,43,1,20,20240108,11,20240108,2.9444389791664403,-11.0,1,0,-1.0415861859430764,-0.3907950422997909,-0.17693760077564624,15,0.12635381022492997,0.38949045668125,0.48415573292402503
PVD Chameera,Home,v Bangladesh, Bangladesh,0,13,2025-07-05,43,543,21,20250705,9,20250705,2.639057329615259,-9.0,1,0,-0.5379709792356362,5.998504272724719,-0.12129291360592004,15,0.25947909646429,0.47248793157374996,0.26803297201464377
PVD Chameera,Home,v Bangladesh, Bangladesh,1,10,2025-07-08,43,2,22,20250708,9,20250708,2.3978952727983707,-9.0,1,0,-0.5379709792356362,-0.37900666717981946,-0.06564822643619385,15,0.14469638867047502,0.45396139100724997,0.401342220420175
PVD Chameera,Away,v Pakistan, Pakistan,0,7,2025-11-11,43,125,23,20251111,4,20251111,2.0794415416798357,-4.0,0,1,0.721067037532964,1.0709634725766652,-0.010003539266467654,15,0.33679686342577503,0.49682904955325,0.1663740870474943
PVD Chameera,Away,v Pakistan, Pakistan,0,0,2025-11-14,43,2,24,20251114,4,20251114,0.0,-4.0,0,1,0.721067037532964,-0.37900666717981946,0.04564114790325854,15,0.96689627894,0.03140697581884164,0.001696745195962015
PW Hasaranga,Away,v West Indies, West Indies,0,47,2021-03-12,44,1,1,20210312,9,20210312,3.8712010109078907,-9.0,0,1,-0.5379709792356362,-0.3907950422997909,-1.2341866570004438,16,0.036020091996144726,0.6567201540406249,0.3072597539265925
PW Hasaranga,Away,v West Indies, West Indies,1,80,2021-03-14,44,1,2,20210314,9,20210314,4.394449154672439,-9.0,0,1,-0.5379709792356362,-0.3907950422997909,-1.1785419698307178,16,0.05299907984089625,0.39603077243075724,0.550970147695375
PW Hasaranga,Away,v Bangladesh, Bangladesh,0,74,2021-05-23,44,69,3,20210523,7,20210523,4.31748811353631,-7.0,0,1,-0.034355772528196146,0.41081446585826564,-1.1228972826609915,16,0.04644169638976162,0.3120150723295215,0.641543231375625
PW Hasaranga,Away,v Bangladesh, Bangladesh,0,6,2021-05-25,44,1,4,20210525,7,20210525,1.9459101490553132,-7.0,0,1,-0.034355772528196146,-0.3907950422997909,-1.0672525954912653,16,0.6304742214975,0.297510790552225,0.07201498791307193
PW Hasaranga,Away,v Bangladesh, Bangladesh,0,18,2021-05-28,44,2,5,20210528,7,20210528,2.9444389791664403,-7.0,0,1,-0.034355772528196146,-0.37900666717981946,-1.011607908321539,16,0.222303652675525,0.49982516345675004,0.2778711837283879
PW Hasaranga,Away,v England, England,0,54,2021-06-29,44,31,6,20210629,4,20210629,4.007333185232471,-4.0,0,1,0.721067037532964,-0.03714378870064831,-0.955963221151813,16,0.05592724146003715,0.36378947830417,0.580283280230475
PW Hasaranga,Away,v England, England,0,26,2021-07-01,44,1,7,20210701,3,20210701,3.295836866004329,-3.0,0,1,0.972874640886684,-0.3907950422997909,-0.9003185339820867,16,0.0939573178562255,0.412605212393825,0.4934374697751143
PW Hasaranga,Away,v England, England,0,20,2021-07-04,44,2,8,20210704,3,20210704,3.044522437723423,-3.0,0,1,0.972874640886684,-0.37900666717981946,-0.8446738468123606,16,0.126974669721155,0.4809215274555,0.392103802888294
PW Hasaranga,Home,v India, India,0,8,2021-07-18,44,13,9,20210718,4,20210718,2.1972245773362196,-4.0,1,0,0.721067037532964,-0.24933454086013387,-0.7890291596426343,16,0.5632484723627499,0.36798314248142494,0.06876838512915595
PW Hasaranga,Home,v India, India,0,8,2021-07-20,44,1,10,20210720,4,20210720,2.1972245773362196,-4.0,1,0,0.721067037532964,-0.3907950422997909,-0.7333844724729082,16,0.60831249068525,0.336024084359975,0.0556634249193128
PW Hasaranga,Home,v South Africa, South Africa,0,3,2021-09-02,44,43,11,20210902,5,20210902,1.3862943611198906,-5.0,1,0,0.46925943417924393,0.10431671273900874,-0.677739785303182,16,0.9013991782549999,0.09113769594608526,0.007463125818148747
PW Hasaranga,Home,v South Africa, South Africa,0,3,2021-09-04,44,1,12,20210904,5,20210904,1.3862943611198906,-5.0,1,0,0.46925943417924393,-0.3907950422997909,-0.6220950981334558,16,0.943951988615,0.0506290876685005,0.0054189237068364
PW Hasaranga,Home,v South Africa, South Africa,0,6,2021-09-07,44,2,13,20210907,5,20210907,1.9459101490553132,-5.0,1,0,0.46925943417924393,-0.37900666717981946,-0.5664504109637296,16,0.8538537793075,0.1219488764707975,0.02419734432400024
PW Hasaranga,Home,v Australia, Australia,0,37,2022-06-14,44,279,14,20220614,3,20220614,3.6375861597263857,-3.0,1,0,0.972874640886684,2.886373241052264,-0.5108057237940034,16,0.11923377480899774,0.326213335261025,0.5545528899595403
PW Hasaranga,Home,v Australia, Australia,1,21,2022-06-21,44,6,15,20220621,5,20220621,3.091042453358316,-5.0,1,0,0.46925943417924393,-0.3318531666999338,-0.4551610366242772,16,0.10665167688611424,0.356955519410925,0.536392803634125
PW Hasaranga,Home,v Afghanistan, Afghanistan,0,66,2022-11-25,44,156,16,20221125,9,20221125,4.204692619390966,-9.0,1,0,-0.5379709792356362,1.4364031012957792,-0.399516349454551,16,0.06177626672812238,0.31561796016795,0.6226057731393846
PW Hasaranga,Home,v Afghanistan, Afghanistan,0,2,2022-11-30,44,4,17,20221130,9,20221130,1.0986122886681096,-9.0,1,0,-0.5379709792356362,-0.35542991693987663,-0.3438716622848248,16,0.96128183773,0.035325533854959915,0.0033926284505863373
PW Hasaranga,Away,v India, India,0,16,2023-01-10,44,40,18,20230110,5,20230110,2.833213344056216,-5.0,0,1,0.46925943417924393,0.06895158737909447,-0.2882269751150986,16,0.3154085487558,0.38256266353495005,0.30202878761841256
PW Hasaranga,Away,v India, India,0,21,2023-01-12,44,1,19,20230112,4,20230112,3.091042453358316,-4.0,0,1,0.721067037532964,-0.3907950422997909,-0.23258228794537242,16,0.16062482841124,0.4720236604305,0.3673515112515818
PW Hasaranga,Away,v India, India,0,1,2023-01-15,44,2,20,20230115,4,20230115,0.6931471805599453,-4.0,0,1,0.721067037532964,-0.37900666717981946,-0.17693760077564624,16,0.9520179237749999,0.04479784841444868,0.003184227767524305
PW Hasaranga,Away,v New Zealand, New Zealand,0,2,2023-03-25,44,68,21,20230325,3,20230325,1.0986122886681096,-3.0,0,1,0.972874640886684,0.3990260907382942,-0.12129291360592004,16,0.9459596867425,0.04747015119475,0.0065701620637745525
PW Hasaranga,Away,v New Zealand, New Zealand,0,0,2023-03-31,44,5,22,20230331,2,20230331,0.0,-2.0,0,1,1.224682244240404,-0.3436415418199052,-0.06564822643619385,16,0.9913278243025,0.008068649905413162,0.0006035257988561904
PW Hasaranga,Home,v Afghanistan, Afghanistan,1,29,2023-06-04,44,64,23,20230604,8,20230604,3.4011973816621555,-8.0,1,0,-0.2861633758819162,0.35187259025840856,-0.010003539266467654,16,0.13421508085112,0.286325217895675,0.5794597012231675
PW Hasaranga,Neutral,v U.A.E., United Arab Emirates,1,23,2023-06-19,44,14,24,20230619,19,20230619,3.1780538303479458,-19.0,0,0,-3.056047012772837,-0.23754616574016243,0.04564114790325854,16,0.14596902322417,0.35249386686574996,0.5015371099421
PW Hasaranga,Neutral,v Ireland, Ireland,0,4,2023-06-25,44,5,25,20230625,13,20230625,1.6094379124341003,-13.0,0,0,-1.5452013926505164,-0.3436415418199052,0.10128583507298473,16,0.9232621713650001,0.06946833400261875,0.007269494605393024
PW Hasaranga,Neutral,v Scotland, Scotland,0,15,2023-06-27,44,1,26,20230627,12,20230627,2.772588722239781,-12.0,0,0,-1.2933937892967964,-0.3907950422997909,0.15693052224271092,16,0.5872769665440001,0.303347753875325,0.10937527956806664
PW Hasaranga,Neutral,v Netherlands, Netherlands,0,20,2023-06-30,44,2,27,20230630,15,20230630,3.044522437723423,-15.0,0,0,-2.0488165993579566,-0.37900666717981946,0.21257520941243713,16,0.430500611771625,0.430941147328,0.13855824097689326
PW Hasaranga,Neutral,v Netherlands, Netherlands,0,29,2023-07-09,44,8,28,20230709,14,20230709,3.4011973816621555,-14.0,0,0,-1.7970089960042364,-0.308276416459991,0.26821989658216333,16,0.229500425752625,0.5340884584190001,0.23641111592278413
PW Hasaranga,Home,v Afghanistan, Afghanistan,0,14,2024-02-11,44,216,29,20240211,9,20240110,2.70805020110221,-9.0,1,0,-0.5379709792356362,2.143705608494064,0.3238645837518895,16,0.38085176349927496,0.5105446258665001,0.10860361063451794
PW Hasaranga,Away,v Bangladesh, Bangladesh,0,13,2024-03-13,44,30,30,20240313,8,20240110,2.639057329615259,-8.0,0,1,-0.2861633758819162,-0.048932163820619726,0.3795092709216157,16,0.3121889745469,0.5538453548995,0.13396567052616828
PW Hasaranga,Away,v Bangladesh, Bangladesh,0,25,2024-03-15,44,1,31,20240315,8,20240110,3.258096538021482,-8.0,0,1,-0.2861633758819162,-0.3907950422997909,0.4351539580913419,16,0.134051862282635,0.5741310405747501,0.29181709718098164
PW Hasaranga,Away,v Bangladesh, Bangladesh,0,11,2024-03-18,44,2,32,20240318,8,20240110,2.4849066497880004,-8.0,0,1,-0.2861633758819162,-0.37900666717981946,0.4907986452610681,16,0.3635752705069,0.5303321968115,0.10609253266697527
PW Hasaranga,Home,v India, India,0,24,2024-08-02,44,136,33,20240802,1,20240802,3.2188758248682006,-1.0,1,0,1.4764898475941242,1.2006355988963509,0.5464433324307942,16,0.1373117090154675,0.56712366998675,0.2955646209530003
PW Hasaranga,Away,v New Zealand, New Zealand,0,35,2025-01-05,44,155,34,20250105,5,20250105,3.58351893845611,-5.0,0,1,0.46925943417924393,1.4246147261758078,0.6020880196005205,16,0.06874757057677625,0.46333921318887494,0.467913216336865
PW Hasaranga,Away,v New Zealand, New Zealand,0,1,2025-01-08,44,2,35,20250108,5,20250108,0.6931471805599453,-5.0,0,1,0.46925943417924393,-0.37900666717981946,0.6577327067702466,16,0.952956525925,0.04401040842035192,0.0030330657002840206
PW Hasaranga,Away,v New Zealand, New Zealand,0,15,2025-01-11,44,2,36,20250111,5,20250111,2.772588722239781,-5.0,0,1,0.46925943417924393,-0.37900666717981946,0.7133773939399729,16,0.3764570549689,0.38071670416500003,0.2428262408132493
PW Hasaranga,Home,v Australia, Australia,0,7,2025-02-12,44,31,37,20250212,2,20250212,2.0794415416798357,-2.0,1,0,1.224682244240404,-0.03714378870064831,0.769022081109699,16,0.69740114428725,0.26031486137735,0.04228399424342224
PW Hasaranga,Home,v Bangladesh, Bangladesh,0,22,2025-07-02,44,139,38,20250702,10,20250702,3.1354942159291497,-10.0,1,0,-0.7897785825893563,1.236000724256265,0.8246667682794252,16,0.3368140436133,0.46674266431675,0.19644329206280325
PW Hasaranga,Home,v Bangladesh, Bangladesh,0,13,2025-07-05,44,2,39,20250705,9,20250705,2.639057329615259,-9.0,1,0,-0.5379709792356362,-0.37900666717981946,0.8803114554491515,16,0.5201651898925,0.407744869677475,0.0720899402940974
PW Hasaranga,Home,v Bangladesh, Bangladesh,1,18,2025-07-08,44,2,40,20250708,9,20250708,2.9444389791664403,-9.0,1,0,-0.5379709792356362,-0.37900666717981946,0.9359561426188776,16,0.1442210951344575,0.456539085889,0.39923981896955
PW Hasaranga,Away,v Pakistan, Pakistan,0,59,2025-11-11,44,125,41,20251111,4,20251111,4.0943445622221,-4.0,0,1,0.721067037532964,1.0709634725766652,0.9916008297886039,16,0.056286140410448,0.34225193817567495,0.6014619214915
PW Hasaranga,Away,v Pakistan, Pakistan,1,37,2025-11-14,44,2,42,20251114,4,20251114,3.6375861597263857,-4.0,0,1,0.721067037532964,-0.37900666717981946,1.04724551695833,16,0.06203168161923965,0.3091814978822325,0.628786820636
S Samarawickrama,Neutral,v U.A.E., United Arab Emirates,0,73,2023-06-19,49,14,1,20230619,19,20230619,4.304065093204169,-19.0,0,0,-3.056047012772837,-0.23754616574016243,-1.2341866570004438,17,0.03870373604432565,0.6828571694834474,0.27843909451546606
S Samarawickrama,Neutral,v Ireland, Ireland,0,82,2023-06-25,49,5,2,20230625,13,20230625,4.418840607796598,-13.0,0,0,-1.5452013926505164,-0.3436415418199052,-1.1785419698307178,17,0.04010702482817875,0.4257790142616285,0.534113960958975
S Samarawickrama,Neutral,v Scotland, Scotland,0,26,2023-06-27,49,1,3,20230627,12,20230627,3.295836866004329,-12.0,0,0,-1.2933937892967964,-0.3907950422997909,-1.1228972826609915,17,0.17958879988247,0.5394533825087501,0.28095781760972444
S Samarawickrama,Neutral,v Netherlands, Netherlands,0,1,2023-06-30,49,2,4,20230630,15,20230630,0.6931471805599453,-15.0,0,0,-2.0488165993579566,-0.37900666717981946,-1.0672525954912653,17,0.970736442255,0.027742060833675593,0.001521496984049221
S Samarawickrama,Neutral,v West Indies, West Indies,1,17,2023-07-07,49,6,5,20230707,10,20230707,2.8903717578961645,-10.0,0,0,-0.7897785825893563,-0.3318531666999338,-1.011607908321539,17,0.180727454057875,0.3147630517868,0.50450949402275
S Samarawickrama,Neutral,v Netherlands, Netherlands,0,19,2023-07-09,49,1,6,20230709,14,20230709,2.995732273553991,-14.0,0,0,-1.7970089960042364,-0.3907950422997909,-0.955963221151813,17,0.39363137682520005,0.4345738019895,0.17179482126951756
S Samarawickrama,Home,v Bangladesh, Bangladesh,0,54,2023-08-31,49,52,7,20230831,7,20230831,4.007333185232471,-7.0,1,0,-0.034355772528196146,0.2104120888187515,-0.9003185339820867,17,0.0771562300492175,0.39584260808375,0.5270011618839544
S Samarawickrama,Neutral,v Afghanistan, Afghanistan,0,3,2023-09-05,49,4,8,20230905,9,20230905,1.3862943611198906,-9.0,0,0,-0.5379709792356362,-0.35542991693987663,-0.8446738468123606,17,0.9173749880550001,0.07549881410028922,0.007126197873126185
S Samarawickrama,Home,v Bangladesh, Bangladesh,0,93,2023-09-09,49,3,9,20230909,7,20230909,4.543294782270004,-7.0,1,0,-0.034355772528196146,-0.3672182920598481,-0.7890291596426343,17,0.08222951288133776,0.269111547924963,0.648658939240525
S Samarawickrama,Home,v India, India,0,17,2023-09-12,49,2,10,20230912,3,20230912,2.8903717578961645,-3.0,1,0,0.972874640886684,-0.37900666717981946,-0.7333844724729082,17,0.3115204355508375,0.43774802619424996,0.25073153817213933
S Samarawickrama,Home,v Pakistan, Pakistan,0,48,2023-09-14,49,1,11,20230914,3,20230914,3.8918202981106265,-3.0,1,0,0.972874640886684,-0.3907950422997909,-0.677739785303182,17,0.07414483059173725,0.389250912628085,0.5366042567394885
S Samarawickrama,Home,v India, India,0,0,2023-09-17,49,2,12,20230917,2,20230917,0.0,-2.0,1,0,1.224682244240404,-0.37900666717981946,-0.6220950981334558,17,0.9847160646175,0.014345094122476098,0.0009388412262161243
S Samarawickrama,Neutral,v South Africa, South Africa,0,23,2023-10-07,49,19,13,20231007,4,20231007,3.1780538303479458,-4.0,0,0,0.721067037532964,-0.17860429014030535,-0.5664504109637296,17,0.25545292320026747,0.363090722124725,0.3814563545891627
S Samarawickrama,Neutral,v Pakistan, Pakistan,0,108,2023-10-10,49,2,14,20231010,2,20231010,4.6913478822291435,-2.0,0,0,1.224682244240404,-0.37900666717981946,-0.5108057237940034,17,0.07609849724996974,0.2984898408186632,0.6254116620037731
S Samarawickrama,Neutral,v Australia, Australia,0,8,2023-10-16,49,5,15,20231016,4,20231016,2.1972245773362196,-4.0,0,0,0.721067037532964,-0.3436415418199052,-0.4551610366242772,17,0.6144768799339999,0.306591324918025,0.07893179516228872
S Samarawickrama,Neutral,v Netherlands, Netherlands,1,91,2023-10-21,49,4,16,20231021,14,20231021,4.5217885770490405,-14.0,0,0,-1.7970089960042364,-0.35542991693987663,-0.399516349454551,17,0.08074103873456048,0.32552959284417604,0.59372936844205
S Samarawickrama,Neutral,v England, England,1,65,2023-10-26,49,4,17,20231026,6,20231026,4.189654742026425,-6.0,0,0,0.21745183082552388,-0.35542991693987663,-0.3438716622848248,17,0.06420252253201637,0.29133744722888777,0.6444600302078
S Samarawickrama,Neutral,v Afghanistan, Afghanistan,0,36,2023-10-30,49,3,18,20231030,9,20231030,3.6109179126442243,-9.0,0,0,-0.5379709792356362,-0.3672182920598481,-0.2882269751150986,17,0.12317489423797749,0.40181606547275,0.47500904032838603
S Samarawickrama,Away,v India, India,0,0,2023-11-02,49,2,19,20231102,1,20231102,0.0,-1.0,0,1,1.4764898475941242,-0.37900666717981946,-0.23258228794537242,17,0.97660167412,0.02157968728571589,0.0018186385803530677
S Samarawickrama,Neutral,v Bangladesh, Bangladesh,0,41,2023-11-06,49,3,20,20231106,8,20231106,3.7376696182833684,-8.0,0,0,-0.2861633758819162,-0.3672182920598481,-0.17693760077564624,17,0.15033201758889,0.325104706947575,0.524563275427128
S Samarawickrama,Neutral,v New Zealand, New Zealand,0,1,2023-11-09,49,2,21,20231109,5,20231109,0.6931471805599453,-5.0,0,0,0.46925943417924393,-0.37900666717981946,-0.12129291360592004,17,0.9756690868925,0.022625463089808014,0.0017054499607191734
S Samarawickrama,Home,v Zimbabwe, Zimbabwe,0,41,2024-01-06,49,57,22,20240106,11,20240106,3.7376696182833684,-11.0,1,0,-1.0415861859430764,0.2693539644186086,-0.06564822643619385,17,0.19286490909344753,0.34717646015575004,0.45995863062756664
S Samarawickrama,Home,v Zimbabwe, Zimbabwe,0,4,2024-01-08,49,1,23,20240108,11,20240108,1.6094379124341003,-11.0,1,0,-1.0415861859430764,-0.3907950422997909,-0.010003539266467654,17,0.9339213712725,0.060246956739542154,0.0058316719265401815
S Samarawickrama,Home,v Zimbabwe, Zimbabwe,1,14,2024-01-11,49,2,24,20240111,11,20240110,2.70805020110221,-11.0,1,0,-1.0415861859430764,-0.37900666717981946,0.04564114790325854,17,0.230338805231175,0.32237023919395,0.44729095545284997
S Samarawickrama,Home,v Afghanistan, Afghanistan,0,45,2024-02-09,49,28,25,20240209,9,20240110,3.828641396489095,-9.0,1,0,-0.5379709792356362,-0.07250891406056256,0.10128583507298473,17,0.11751198918982399,0.39679526909815,0.48569274161691306
S Samarawickrama,Home,v Afghanistan, Afghanistan,0,52,2024-02-11,49,1,26,20240211,9,20240110,3.970291913552122,-9.0,1,0,-0.5379709792356362,-0.3907950422997909,0.15693052224271092,17,0.08705765943666151,0.39772936434780004,0.5152129762126085
S Samarawickrama,Home,v Afghanistan, Afghanistan,1,8,2024-02-14,49,2,27,20240214,9,20240110,2.1972245773362196,-9.0,1,0,-0.5379709792356362,-0.37900666717981946,0.21257520941243713,17,0.20525116525620002,0.398427122356,0.396321712388925
S Samarawickrama,Away,v Bangladesh, Bangladesh,0,3,2024-03-13,49,27,28,20240313,8,20240110,1.3862943611198906,-8.0,0,1,-0.2861633758819162,-0.08429728918053399,0.26821989658216333,17,0.8870750142925,0.10195050804366824,0.010974477661216194
S Samarawickrama,Away,v Bangladesh, Bangladesh,0,1,2024-03-15,49,1,29,20240315,8,20240110,0.6931471805599453,-8.0,0,1,-0.2861633758819162,-0.3907950422997909,0.3238645837518895,17,0.9798877708875,0.018765446022638823,0.0013467830843505524
S Samarawickrama,Away,v Bangladesh, Bangladesh,0,14,2024-03-18,49,2,30,20240318,8,20240110,2.70805020110221,-8.0,0,1,-0.2861633758819162,-0.37900666717981946,0.3795092709216157,17,0.47780829221805,0.3354372867292,0.18675442097878073
S Samarawickrama,Home,v India, India,0,8,2024-08-02,49,136,31,20240802,1,20240802,2.1972245773362196,-1.0,1,0,1.4764898475941242,1.2006355988963509,0.4351539580913419,17,0.61119696531235,0.3200028451636,0.06880018943269593
S Samarawickrama,Home,v India, India,0,14,2024-08-04,49,1,32,20240804,1,20240804,2.70805020110221,-1.0,1,0,1.4764898475941242,-0.3907950422997909,0.4907986452610681,17,0.39316304109055,0.45849515219224996,0.14834180669196878
S Samarawickrama,Home,v India, India,0,0,2024-08-07,49,2,33,20240807,1,20240807,0.0,-1.0,1,0,1.4764898475941242,-0.37900666717981946,0.5464433324307942,17,0.9840862056025,0.015281145401533578,0.0006326489912638979
S Samarawickrama,Home,v West Indies, West Indies,0,18,2024-10-20,49,73,34,20241020,10,20241020,2.9444389791664403,-10.0,1,0,-0.7897785825893563,0.45796796633815134,0.6020880196005205,17,0.53685223051075,0.31066592156357503,0.15248184789950922
S Samarawickrama,Home,v West Indies, West Indies,0,38,2024-10-23,49,2,35,20241023,10,20241023,3.6635616461296463,-10.0,1,0,-0.7897785825893563,-0.37900666717981946,0.6577327067702466,17,0.18254700711483998,0.45072529618,0.3667276966610834
S Samarawickrama,Home,v New Zealand, New Zealand,0,5,2024-11-13,49,20,36,20241113,5,20241113,1.791759469228055,-5.0,1,0,0.46925943417924393,-0.1668159150203339,0.7133773939399729,17,0.8349449874449999,0.14927233946300753,0.015782673069772882
S Samarawickrama,Home,v New Zealand, New Zealand,0,8,2024-11-17,49,3,37,20241117,5,20241117,2.1972245773362196,-5.0,1,0,0.46925943417924393,-0.3672182920598481,0.769022081109699,17,0.7697714525745,0.19494911424055,0.0352794332656838
S Samarawickrama,Away,v Zimbabwe, Zimbabwe,0,35,2025-08-29,49,284,38,20250829,11,20250829,3.58351893845611,-11.0,0,1,-1.0415861859430764,2.9453151166521208,0.8246667682794252,17,0.1379731340458955,0.38202540841985,0.48000145752793144
S Samarawickrama,Away,v Zimbabwe, Zimbabwe,0,31,2025-08-31,49,1,39,20250831,11,20250831,3.4657359027997265,-11.0,0,1,-1.0415861859430764,-0.3907950422997909,0.8803114554491515,17,0.14580631726035,0.46367843101425,0.39051525170796914
S Samarawickrama,Away,v Pakistan, Pakistan,0,39,2025-11-11,49,71,40,20251111,4,20251111,3.6888794541139363,-4.0,0,1,0.721067037532964,0.43439121609820847,0.9359561426188776,17,0.0697397988663585,0.39667216964082247,0.533588031498854
S Samarawickrama,Away,v Pakistan, Pakistan,0,42,2025-11-14,49,2,41,20251114,4,20251114,3.7612001156935624,-4.0,0,1,0.721067037532964,-0.37900666717981946,0.9916008297886039,17,0.0660712770573445,0.3635267302488,0.5704019925748499
S Samarawickrama,Away,v Pakistan, Pakistan,0,48,2025-11-16,49,1,42,20251116,4,20251116,3.8918202981106265,-4.0,0,1,0.721067037532964,-0.3907950422997909,1.04724551695833,17,0.05918032623881993,0.32765337530703753,0.6131662984561108
WIA Fernando,Away,v England, England,0,14,2021-07-04,51,2,1,20210704,3,20210704,2.70805020110221,-3.0,0,1,0.972874640886684,-0.37900666717981946,-1.2341866570004438,18,0.091845672562451,0.7941958983775,0.11395842906871398
WIA Fernando,Home,v India, India,0,33,2021-07-18,51,13,2,20210718,4,20210718,3.5263605246161616,-4.0,1,0,0.721067037532964,-0.24933454086013387,-1.1785419698307178,18,0.06623051286934652,0.608337661501,0.32543182561773437
WIA Fernando,Home,v India, India,0,50,2021-07-20,51,1,3,20210720,4,20210720,3.9318256327243257,-4.0,1,0,0.721067037532964,-0.3907950422997909,-1.1228972826609915,18,0.05295256755796237,0.455330090763155,0.49171734164131997
WIA Fernando,Home,v India, India,0,76,2021-07-23,51,2,4,20210723,4,20210723,4.343805421853684,-4.0,1,0,0.721067037532964,-0.37900666717981946,-1.0672525954912653,18,0.047515091304695604,0.3391807746273603,0.6133041340571499
WIA Fernando,Home,v South Africa, South Africa,0,118,2021-09-02,51,40,5,20210902,5,20210902,4.77912349311153,-5.0,1,0,0.46925943417924393,0.06895158737909447,-1.011607908321539,18,0.05472580155703872,0.28647552253268616,0.658798675891975
WIA Fernando,Home,v South Africa, South Africa,0,8,2021-09-04,51,1,6,20210904,5,20210904,2.1972245773362196,-5.0,1,0,0.46925943417924393,-0.3907950422997909,-0.955963221151813,18,0.64383588528925,0.2835449382985,0.0726191763014875
WIA Fernando,Home,v South Africa, South Africa,0,10,2021-09-07,51,2,7,20210907,5,20210907,2.3978952727983707,-5.0,1,0,0.46925943417924393,-0.37900666717981946,-0.9003185339820867,18,0.569112891895475,0.35096776261374996,0.07991934546572994
WIA Fernando,Away,v India, India,0,5,2023-01-10,51,489,8,20230110,5,20230110,1.791759469228055,-5.0,0,1,0.46925943417924393,5.361932016246262,-0.8446738468123606,18,0.57343836821645,0.35154186007595,0.07501977166291951
WIA Fernando,Away,v India, India,0,20,2023-01-12,51,1,9,20230112,4,20230112,3.044522437723423,-4.0,0,1,0.721067037532964,-0.3907950422997909,-0.7890291596426343,18,0.17660882765797747,0.49977861075224994,0.32361256144942285
WIA Fernando,Away,v India, India,0,1,2023-01-15,51,2,10,20230115,4,20230115,0.6931471805599453,-4.0,0,1,0.721067037532964,-0.37900666717981946,-0.7333844724729082,18,0.9422470932650001,0.05381683815738306,0.003936068481745594
WIA Fernando,Home,v Zimbabwe, Zimbabwe,0,0,2024-01-06,51,355,11,20240106,11,20240106,0.0,-11.0,1,0,-1.0415861859430764,3.782289750170092,-0.677739785303182,18,0.99345607824,0.006148866267550083,0.00039505546395016453
WIA Fernando,Home,v Zimbabwe, Zimbabwe,0,4,2024-01-08,51,1,12,20240108,11,20240108,1.6094379124341003,-11.0,1,0,-1.0415861859430764,-0.3907950422997909,-0.6220950981334558,18,0.9631193897225,0.032210082970823124,0.004670527360498816
WIA Fernando,Home,v Zimbabwe, Zimbabwe,0,0,2024-01-11,51,2,13,20240111,11,20240110,0.0,-11.0,1,0,-1.0415861859430764,-0.37900666717981946,-0.5664504109637296,18,0.9957176976050001,0.003993185144850892,0.00028911722810073673
WIA Fernando,Home,v Afghanistan, Afghanistan,0,88,2024-02-09,51,28,14,20240209,9,20240110,4.48863636973214,-9.0,1,0,-0.5379709792356362,-0.07250891406056256,-0.5108057237940034,18,0.08985607497593374,0.24776661716860876,0.662377307853275
WIA Fernando,Home,v Afghanistan, Afghanistan,0,5,2024-02-11,51,1,15,20240211,9,20240110,1.791759469228055,-9.0,1,0,-0.5379709792356362,-0.3907950422997909,-0.4551610366242772,18,0.8984335389125,0.087977684383271,0.013588776749419338
WIA Fernando,Home,v Afghanistan, Afghanistan,0,91,2024-02-14,51,2,16,20240214,9,20240110,4.5217885770490405,-9.0,1,0,-0.5379709792356362,-0.37900666717981946,-0.399516349454551,18,0.08293101569059388,0.27007297092765925,0.64699601345775
WIA Fernando,Away,v Bangladesh, Bangladesh,0,33,2024-03-13,51,27,17,20240313,8,20240110,3.5263605246161616,-8.0,0,1,-0.2861633758819162,-0.08429728918053399,-0.3438716622848248,18,0.10895165916432376,0.360875145169375,0.5301731957292903
WIA Fernando,Away,v Bangladesh, Bangladesh,0,0,2024-03-15,51,1,18,20240315,8,20240110,0.0,-8.0,0,1,-0.2861633758819162,-0.3907950422997909,-0.2882269751150986,18,0.9860174879875,0.01305237188443282,0.0009301400841775711
WIA Fernando,Away,v Bangladesh, Bangladesh,0,4,2024-03-18,51,2,19,20240318,8,20240110,1.6094379124341003,-8.0,0,1,-0.2861633758819162,-0.37900666717981946,-0.23258228794537242,18,0.9143360451225001,0.07175358516473826,0.013910369754849718
WIA Fernando,Home,v India, India,0,1,2024-08-02,51,136,20,20240802,1,20240802,0.6931471805599453,-1.0,1,0,1.4764898475941242,1.2006355988963509,-0.17693760077564624,18,0.9817017227875,0.016680201805180705,0.0016180753980022259
WIA Fernando,Home,v India, India,0,40,2024-08-04,51,1,21,20240804,1,20240804,3.713572066704308,-1.0,1,0,1.4764898475941242,-0.3907950422997909,-0.12129291360592004,18,0.1304790757605045,0.30317858084875,0.5663423433320423
WIA Fernando,Home,v India, India,0,96,2024-08-07,51,2,22,20240807,1,20240807,4.574710978503383,-1.0,1,0,1.4764898475941242,-0.37900666717981946,-0.06564822643619385,18,0.06431328021873929,0.26572150249896037,0.6699652172221249
WIA Fernando,Home,v West Indies, West Indies,0,5,2024-10-20,51,73,23,20241020,10,20241020,1.791759469228055,-10.0,1,0,-0.7897785825893563,0.45796796633815134,-0.010003539266467654,18,0.89112367623,0.0942738842882155,0.014602439518695196
WIA Fernando,Home,v West Indies, West Indies,0,9,2024-10-23,51,2,24,20241023,10,20241023,2.302585092994046,-10.0,1,0,-0.7897785825893563,-0.37900666717981946,0.04564114790325854,18,0.8076296446937502,0.1597513110357175,0.03261904427879842
WIA Fernando,Home,v West Indies, West Indies,0,34,2024-10-26,51,2,25,20241026,10,20241026,3.5553480614894135,-10.0,1,0,-0.7897785825893563,-0.37900666717981946,0.10128583507298473,18,0.2276668375896175,0.42231230097225,0.3500208613566474
WIA Fernando,Home,v New Zealand, New Zealand,0,100,2024-11-13,51,17,26,20241113,5,20241113,4.61512051684126,-5.0,1,0,0.46925943417924393,-0.20218104038024817,0.15693052224271092,18,0.06162445181833725,0.3179884235700123,0.620387124653575
WIA Fernando,Home,v New Zealand, New Zealand,0,5,2024-11-17,51,3,27,20241117,5,20241117,1.791759469228055,-5.0,1,0,0.46925943417924393,-0.3672182920598481,0.21257520941243713,18,0.8455935797925,0.1342546744342615,0.020151745709866303
WIA Fernando,Away,v New Zealand, New Zealand,0,56,2025-01-05,51,48,28,20250105,5,20250105,4.04305126783455,-5.0,0,1,0.46925943417924393,0.16325858833886583,0.26821989658216333,18,0.08104444272929881,0.29124351884618854,0.62771203847325
WIA Fernando,Away,v New Zealand, New Zealand,0,10,2025-01-08,51,2,29,20250108,5,20250108,2.3978952727983707,-5.0,0,1,0.46925943417924393,-0.37900666717981946,0.3238645837518895,18,0.47158839050334994,0.39170606740624997,0.1367055421595815
WIA Fernando,Away,v New Zealand, New Zealand,0,17,2025-01-11,51,2,30,20250111,5,20250111,2.8903717578961645,-5.0,0,1,0.46925943417924393,-0.37900666717981946,0.3795092709216157,18,0.2340095746791725,0.5236527620729999,0.24233766322476477
WIA Fernando,Home,v Australia, Australia,0,1,2025-02-12,51,31,31,20250212,2,20250212,0.6931471805599453,-2.0,1,0,1.224682244240404,-0.03714378870064831,0.4351539580913419,18,0.9610133896474999,0.03692213396818475,0.0020644763699758364
